key,name,sortOrder,japanese,instrument,website,group,altEnglish,altJapanese,altWebsite,altWebsite2
aaron-choulai,Aaron Choulai,Choulai; Aaron,アーロン・チューライ,piano,https://aaronchoulai.com/,,,,,
aaron-heick,Aaron Heick,Heick; Aaron,,saxophone,,,,,,
adam-birnbaum,Adam Birnbaum,Birnbaum; Adam,,piano,https://www.adambirnbaum.com/,,,,,
adam-nussbaum,Adam Nussbaum,Nussbaum; Adam,,drums,http://www.adamnussbaum.net/,,,,,
afra,Afra,Afra,あふら,human beatbox,http://afra.jp/,,,,,
aiden-odonnell,Aiden O’Donnell,O’Donnell; Aiden,,bass,https://www.smallslive.com/artists/1431-aidan-odonnell/,,,,,
airi,Airi,Airi,あいり,vocal,https://lit.link/en/airisinger,,,,https://ameblo.jp/airi-singer,
akane-ezawa,Akane Ezawa,Ezawa; Akane,江澤茜,saxophone,https://akaneezawa.com/,,,,,
akane-matsumoto,Akane Matsumoto,Matsumoto; Akane,松本茜,piano,http://akanejazz.com,1,,,,
akane-matsumoto-hiragana,Akane Matsumoto,Matsumoto; Akane,松本あかね,piano,https://piakanet.exblog.jp/,,,,,
akane-shiratori,Akane Shiratori,Shiratori; Akane,白鳥あかね,vocal,https://akanekotori.tumblr.com/,,,しらとりあかね,,
akemi-ohta,Akemi Ohta,Ohta; Akemi,太田朱美,flute,https://ohakemi454.wixsite.com/mysite,,,,,
akiha-nakashima,Akiha Nakashima,Nakashima; Akiha,中島朱葉,saxophone,https://ameblo.jp/akiha-nakashima/,,,,,
akihiro-nishiguchi,Akihiro Nishiguchi,Nishiguchi; Akihiro,西口明宏,saxophone,http://www.akihironishiguchi.com/,,,,,
akihiro-yoshimoto,Akihiro Yoshimoto,Yoshimoto; Akihiro,吉本章紘,saxophone,https://www.akihiro-yoshimoto.com/,,,,https://yoshijazz.exblog.jp/,
akiko-kaminagane,Akiko Kaminagane,Kaminagane; Akiko,上長根明子,piano,http://kaminagane.blogspot.com/,,,,,
akiko-koizumi,Akiko Koizumi,Koizumi; Akiko,小泉明子,piano+vocal,https://akoizumi.weebly.com/,,,,,
akiko-suda,Akiko Suda,Suda; Akiko,須田晶子,vocal,https://akikosuda.wixsite.com/akikosuda,1,,,http://blog.akiko-suda.com/,
akiko-toyama,Akiko Toyama,Toyama; Akiko,外山安樹子,piano,https://akikotoyama.jimdofree.com/,,,,,
akiko-yuki,Akiko Yuki,Yuki; Akiko,結城章子,vocal,https://akiko-yuki.amebaownd.com/,,,ゆうきあきこ,,
akira-igawa,Akira Igawa,Igawa; Akira,井川晃,drums,http://igawaakira.com/,,,,,
akira-kawamura,Akira Kawamura,Kawamura; Akira,河村亮,drums,,,,,,
akira-matsuo,Akira Matsuo,Matsuo; Akira,松尾明,drums,https://www.tunecore.co.jp/artists/Akira-Matsuo,,,,,
akira-omori,Akira Omori,Omori; Akira,大森明,saxophone,,,,,,
akira-sekine,Akira Sekine,Sekine; Akira,関根彰良,guitar,http://akirasekine.com/,,,,https://ameblo.jp/akirasekineguitar/,
akira-sotoyama,Akira Sotoyama,Sotoyama; Akira,外山明,drums,https://akirasotoyama.wixsite.com/officialwebsite,,,,,
akira-tanidono,Akira Tanidono,Tanidono; Akira,谷殿明良,trumpet,,,,,,
akira-wada,Akira Wada,Wada; Akira,和田アキラ,guitar,https://prismjapan.com/profile/akira/index.html,,,,,
akira-yamada,Akira Yamada,Yamada; Akira,山田玲,drums,https://akry0325.wixsite.com/akira-y-drums,,,,,
akiyoshi-shimizu,Akiyoshi Shimizu,Shimizu; Akiyoshi,清水昭好,bass,https://akiyoshishimizubassist.weebly.com/,,,,,
allison-neale,Allison Neale,Neale; Allison,,flute,,,,,,
ami-fukui,Ami Fukui,Fukui; Ami,福井亜実,piano,https://amifukui.com/,1,,福井アミ,,
ami-hirai,Ami Hirai,Hirai; Ami,平井あみ,vocal,https://amihirai.com/,,,,,
ami-ogaeri,Ami Ogaeri,Ogaeri; Ami,魚返明未,piano,https://ameblo.jp/amiogaeri/,,,,,
an-j-remi,An-J Remi,An-J Remi,,vocal,,,,,,
anders-kjellberg,Anders Kjellberg,Kjellberg; Anders,,drums,https://sv.wikipedia.org/wiki/Anders_Kjellberg_(musiker),,,,,
andy-cleyndert,Andy Cleyndert,Cleyndert; Andy,,bass,,,,,,
anton-blomgren,Anton Blomgren,Blomgren; Anton,,bass,,,,,,
arata-umehara,Arata Umehara,Umehara; Arata,梅原新,guitar,https://www.aratata.com/,,,,,
asami-matsuda,Asami Matsuda,Matsuda; Asami,松田麻美,violin,,,,,,
asami-nagumo,Asami Nagumo,Nagumo; Asami,南雲麻美,saxophone,https://ng-as.amebaownd.com/,,,,,
asami-yato,Asami Yato,Yato; Asami,矢藤亜沙巳,piano,https://blog.goo.ne.jp/yasama-pf,,,,https://pippermusicschool.com/,
asuka-uchimura,Asuka Uchimura,Uchimura; Asuka,内村明日香,vocal,https://www.utausyo.com/,,,,https://asuka-uchimura.hatenadiary.org/,
asuka-watanabe,Asuka Watanabe,Watanabe; Asuka,渡辺明日香,vocal,http://asuka-wat.com/,,,,,
atomi-hamada,Atomi Hamada,Hamada; Atomi,浜田亜東実,vocal,http://atorin.cocolog-nifty.com/blog/,,,,,
atsuki-yoshida,Atsuki Yoshida,Yoshida; Atsuki,吉田篤貴,violin,https://atsuki-violin.com/,,,,,
atsushi-abe,Atsushi Abe,Abe; Atsushi,阿部篤志,piano,,,,,,
atsushi-hashimoto,Atsushi Hashimoto,Hashimoto; Atsushi,橋本專史,cello,https://www.atsushi-cello.com/,,,,,
atsushi-ikeda,Atsushi Ikeda,Ikeda; Atsushi,池田篤,saxophone,https://ameblo.jp/ats-music1963/,,,,,
avi-rothbard,Avi Rothbard,Rothbard; Avi,,guitar,,,,,,
aya-ito,Aya Ito,Ito; Aya,伊藤彩,violin,https://ayaitoviolin.bandcamp.com/album/zeronojogi,,,,,
aya-kurosawa,Aya Kurosawa,Kurosawa; Aya,黒沢綾,vocal,https://ayakurosawa.me/,,,,,
aya-takazawa,Aya Takazawa,Takazawa; Aya,高澤綾,trumpet,http://ayatakazawa.com/,,,,,
ayaha-amamiya,Ayaha Amamiya,Amamiya; Ayaha,雨宮彩葉,piano,https://www.edutamedia.com/ayaha/,,,,https://ameblo.jp/ayaha-pf-jazz/,
ayako-hosokawa,Ayako Hosokawa,Hosokawa; Ayako,細川綾子,vocal,https://jazzshiryokan.net/jazzDB/performer_detail.php?recordID=M1775,,,,,
ayako-shirasaki,Ayako Shirasaki,Shirasaki; Ayako,白崎彩子,piano,https://www.ayakoshirasaki.com/,,,,http://blog.livedoor.jp/ayakoshi/,
ayako-taira,Ayako Taira,Taira; Ayako,平良亜矢子,vocal,https://blog.goo.ne.jp/tairaayako,,,,http://tokyo.sub.jp/ayako/,
ayako-tsuchiya,Ayako Tsuchiya,Tsuchiya; Ayako,土屋絢子,vocal,https://fleetinghappiness18.wixsite.com/ayako-tsuchiya/,,,,,
ayu-yoneda,Ayu Yoneda,Yoneda; Ayu,米田あゆ,sax,https://ayu96815.livedoor.blog/,,,,,
ayumi-hashimoto,Ayumi Hashimoto,Hashimoto; Ayumi,橋本歩,cello,https://www.ayumi-daga.com/,,,,,
ayumi-koketsu,Ayumi Koketsu,Koketsu; Ayumi,纐纈歩美,saxophone,http://a-koketsu.com/,,,,https://ameblo.jp/as-ayumi/,
azumi,Azumi,Azumi,あづみ,vocal,https://ameblo.jp/azumi-aikawa/,,,愛川あづみ,,
ben-donny-waples,Ben “Donny” Waples,Waples; Ben “Donny”,,bass,,,,,,
benisuke-sakai,Benisuke Sakai,Sakai; Benisuke,坂井紅介,bass,http://www.benisuke.com,,,,,
billy-drummond,Billy Drummond,Drummond; Billy,,drums,https://www.billydrummonddrums.com/,,,,,
blahmuzik,BLAHMUZIK,BLAHMUZIK,ブラムジック,sampler,https://blahblog.blog.fc2.com/,,,,https://soundcloud.com/blahmuzik-a-k-a-bm,
carl-allen,Carl Allen,Allen; Carl,,drums,https://carlallen.com/,,,,,
carmen-intorre-jr,Carmen Intorre Jr.,Intorre; Carmen Jr.,,drums,https://www.carmenintorrejr.com/,,,,,
cecil-monroe,Cecil Monroe,Monroe; Cecil,,drums,https://www.discogs.com/artist/314334-Cecil-Monroe,,,,,
chiaki-ichikawa,Chiaki Ichikawa,Ichikawa; Chiaki,市川ちあき,vocal,https://chiakiichikawa.sakura.ne.jp/,,,,http://chiakijazz.blog114.fc2.com/,
chie-ayado,Chie Ayado,Ayado; Chie,綾戸智恵,vocal,https://www.chie-ayado.com/,,,,,
chie-hasegawa,Chie Hasegawa,Hasegawa; Chie,長谷川智恵,violin,https://ameblo.jp/black-raspberry-sweet/,,,,,
chie-nishimura,Chie Nishimura,Nishimura; Chie,西村知恵,vocal,https://chiesan.com/,,,,,
chie-sakamoto,Chie Sakamoto,Sakamoto; Chie,坂本千恵,piano,http://chiesakamoto.web.fc2.com/,,,,,
chihiro-murata,Chihiro Murata,Murata; Chihiro,村田千紘,trumpet,https://chihiromurata.amebaownd.com/,,,,https://ameblo.jp/chihiromurata/,
chihiro-yamanaka,Chihiro Yamanaka,Yamanaka; Chihiro,山中千尋,piano,https://www.chihiroyamanaka.net/,,,,,
chris-silverstein,Chris Silverstein,Silverstein; Chris,,bass,,,,,,
christian-vuust,Christian Vuust,Vuust; Christian,,saxophone,,,,,,
cokky,Cokky,Cokky,コッキー,bass,,,,木幡昌敏,,
colin-oxley,Colin Oxley,Oxley; Colin,,guitar,,,,,,
daichi-kato,Daichi Kato,Kato; Daichi,加藤大智,saxophone,https://daichi-jazzsax.amebaownd.com/,,,,,
daiki-mishima,Daiki Mishima,Mishima; Daiki,三嶋大輝,bass,https://jazzshiryokan.net/jazzDB/performer_detail.php?recordID=M13498,,,,,
daiki-yasukagawa,Daiki Yasukagawa,Yasukagawa; Daiki,安ヵ川大樹,bass,http://daikiyasukagawa.com/,,,,,
dairiki-hara,Dairiki Hara,Hara; Dairiki,原大力,drums,http://www.haradairiki.com/,,,,,
dairo-suga,Dairo Suga,Suga; Dairo,スガダイロー,piano,https://sugadairo.blogspot.com/,,,,,
daisei-mii,Daisei Mii,Mii; Daisei,三井大生,violin,http://daiseimii.com/,,,,,
daisuke-abe,Daisuke Abe,Abe; Daisuke,阿部大輔,guitar,https://daisukeabe.com/,,,,,
daisuke-fujiwara,Daisuke Fujiwara,Fujiwara; Daisuke,藤原大輔,saxophone,http://www.fujiwaradaisuke.com/,,,,,
daisuke-ijichi,Daisuke Ijichi,Ijichi; Daisuke,伊地知大輔,bass,http://blog.livedoor.jp/dai_ijichi/,,,,,
daisuke-kawai,Daisuke Kawai,Kawai; Daisuke,河合代介,organ,http://www.daisukekawai.com/,,,,,
daisuke-suzuki,Daisuke Suzuki,Suzuki; Daisuke,鈴木大輔,guitar,https://ameblo.jp/suutaro-no07/,,,,https://www.facebook.com/daisuke.jazzguitar1/,
daisuke-suzuki-2,Daisuke Suzuki,Suzuki; Daisuke,鈴木大介,guitar,https://www.daisukesuzuki.com/,,,,,
daisuke-toi,Daisuke Toi,Toi; Daisuke,トオイダイスケ,bass,http://www.daisuketoi.com/,,,,,
daisuke-tomita,Daisuke Tomita,Tomita; Daisuke,富田大輔,viola,,,,,,
daisuke-yoshioka,Daisuke Yoshioka,Yoshioka; Daisuke,吉岡大輔,drums,http://yoshiokadaisuke.com/,,,,,
dan-yoshikawa,Dan Yoshikawa,Yoshikawa; Dan,吉川弾,drums,,,,彈,,
danny-grissett,Danny Grissett,Grissett; Danny,,piano,https://dannygrissett.com/,,,,,
dave-goodman,Dave Goodman,Goodman; Dave,,drums,,,,,,
david-bryant,David Bryant,Bryant; David,,piano,https://www.davidbryantmusic.com/,,,,,
david-negrete,David Negrete,Negrete; David,デイビッド・ネグレテ,sax,https://truenoteinc.wixsite.com/davidnegrete,,,,,
davy-mooney,Davy Mooney,Mooney: Davy,,guitar,https://davymooney.bandcamp.com/,,,,,
denbei-itachiyama,Denbei Itachiyama,Itachiyama; Denbei,伊太地山伝兵衛,vocals/guitar,https://ja.wikipedia.org/wiki/%E4%BC%8A%E5%A4%AA%E5%9C%B0%E5%B1%B1%E4%BC%9D%E5%85%B5%E8%A1%9B,,,,,
dj-passo,DJ Passo,Passo; DJ,,dj,,,,,,
dominick-farinacci,Dominick Farinacci,Farinacci; Dominick,,trumpet,https://www.dominickfarinacci.com/,,,,,
drew-gress,Drew Gress,Gress; Drew,,bass,https://en.wikipedia.org/wiki/Drew_Gress,,,,,
dwayne-burno,Dwayne Burno,Burno; Dwayne,,bass,https://en.wikipedia.org/wiki/Dwayne_Burno,,,,,
eiichi-hayashi,Eiichi Hayashi,Hayashi; Eiichi,林栄一,saxophone,https://www.eonet.ne.jp/%7En-east/,,,,,
eiji-otogawa,Eiji Otogawa,Otogawa; Eiji,音川英二,saxophone,http://bowz.main.jp/otogawa/,,,,,
ema,Ema,Ema,エマ,vocal,https://www.sonymusic.co.jp/artist/ema/,,,,,
emiko-tada,Emiko Tada,Tada; Emiko,多田恵美子,piano,,,,,,
emiko-voice,Emiko Voice,Emiko Voice,エミコヴォイス,vocal,http://www.emikovoice.com/,,EMiKO VoiCE,,https://ameblo.jp/emicovoice/,
erena-terakubo,Erena Terakubo,Terakubo; Erena,寺久保エレナ,saxophone,https://www.jamrice.co.jp/erena/,,,,,
eri-chichibu,Eri Chichibu,Chichibu; Eri,秩父英里,piano,https://www.erichichibu.com/,,,,,
eri-itonaga,Eri Itonaga,Itonaga; Eri;糸永衣里,viola,https://uplinkers-music.com/eri-itonaga/,,,,,,
eri-uenoyama,Eri Uenoyama,Uenoyama; Eri,上野山英里,piano,https://eriuenoyama.jimdofree.com/,,,,http://uenoyamaeri.web.fc2.com/,
eri-yazaki,Eri Yazaki,Yazaki; Eri,矢崎恵理,vocal,https://ameblo.jp/eriyazaki/,,,,,
eric-alexander,Eric Alexander,Alexander; Eric,,saxophone,https://www.ericalexanderjazz.com/,,,,,
eric-mcpherson,Eric McPherson,McPherson; Eric,,drums,http://www.ericmcpherson.com/,,,,,
eriko-ishihara,Eriko Ishihara,Ishihara; Eriko,石原江里子,piano,https://ameblo.jp/erikoishihara/,,,,,
eriko-shimizu,Eriko Shimizu,Shimizu; Eriko,清水絵理子,piano,http://ericcho.blog81.fc2.com/,,,,http://ericcho.papi4.com/,
erisa-ogawa,Erisa Ogawa,Ogawa; Erisa,小川恵理紗,flute,https://erisa321.wixsite.com/erisaogawa,,ERiSA,,https://ameblo.jp/erisaogawa,
francis-silva,Francis Silva,Silva; Francis,,percussion,https://www.discogs.com/artist/583413-Francis-Silva,,,,,
francisco-mela,Francisco Mela,Mela; Francisco,,drums,,,,,,
fukushi-tainaka,Fukushi Tainaka,Tainaka; Fukushi,田井中福司,drums,https://fukushitainaka.com/,,,,,
fumi-endo,Fumi Endo,Endo; Fumi,遠藤ふみ,piano,https://linktr.ee/e23227,,,,,
fumi-mizubayashi,Fumi Mizubayashi,Mizubayashi; Fumi,水林史,vocal,https://kurofunelady.com/,,,,,
fumie-chiba,Fumie Chiba,Chiba; Fumie,千葉史絵,piano,https://fumiechiba.com,,,,,
fumika-asari,Fumika Asari,Asari; Fumika,浅利史花,guitar,https://fumikaasari.com/,,,,https://ameblo.jp/ggg-jazz/,
fumiko-yamazaki,Fumiko Yamazaki,Yamazaki; Fumiko,山崎ふみこ,vibraphone,https://trill.jp/,,,,,
fumio-itabashi,Fumio Itabashi,Itabashi; Fumio,板橋文夫,piano,https://bowz.main.jp/itabashi/profile/profile.html,,,,,
fumio-karashima,Fumio Karashima,Karashima; Fumio,辛島文雄,piano,http://www.pit-inn.com/karashima/en/,,,,,
fuyu,Fuyu,Fuyu,,drums,https://fuyumusic.wixsite.com/fuyu,,,,,
gaku-hasegawa,Gaku Hasegawa,Hasegawa; Gaku,長谷川ガク,drums,http://www.gakudrum.com/,,,,,
gaku-kano,Gaku Kano,Kano; Gaku,叶 雅久,drums,https://www.instagram.com/gaku_kano/,,,,,
gary-smulyan,Gary Smulyan,Smulyan; Gary,,baritone saxophone,https://garysmulyan.com/,,,,,
gen-date,Gen Date,Date; Gen,伊達弦,percussion,http://www7a.biglobe.ne.jp/~encore/dategen/,,,,,
gen-ogimi,Gen Ogimi,Ogimi; Gen,大儀見元,percussion,https://www.genogimi.com/,,,,,
gene-jackson,Gene Jackson,Jackson; Gene,,drums,https://www.genejacksonmusic.com/,,,,,
george-mraz,George Mraz,Mraz; George,,bass,,,,,,
george-nakajima,George Nakajima,Nakajima; George,中嶋錠二,piano,https://georgenpf.exblog.jp/,1,,,,
geroge-kawaguchi,George Kawaguchi,Kawaguchi; George,ジョージ川口,drums,https://ja.wikipedia.org/wiki/%E3%82%B8%E3%83%A7%E3%83%BC%E3%82%B8%E5%B7%9D%E5%8F%A3,,,,,
glenn-zaleski,Glenn Zaleski,Zaleski; Glenn,,piano,https://www.glennzaleski.com/,,,,,
go-shimada,Go Shimada,Shimada; Go,島田剛,bass,http://goshimada.net/,,,,,
gordon-richter,Gordon Richter,Richter; Gordon,,clarinet,,,,,,
goro-katano,Goro Katano,Katano; Goro,片野吾朗,bass,http://gorobass.blogspot.com/,,,,,
grant-stewart,Grant Stewart,Stewart; Grant,,saxophone,https://www.grantstewartjazz.com/,,,,,
greg-ruggiero,Greg Ruggiero,Ruggiero; Greg,,guitar,,,,,,
gregoire-maret,Grégoire Maret,Maret; Grégoire,,harmonica,https://en.wikipedia.org/wiki/Gr%C3%A9goire_Maret,,,,,
gustavo-anacleto,Gustavo Anacleto,Anacleto; Gustavo,,saxophone,https://www.discogs.com/artist/3939948-Gustavo-Anacleto,,,,,
hajime-yoshizawa,Hajime Yoshizawa,Yoshizawa; Hajime,吉澤はじめ,piano,https://ameblo.jp/hajime-yoshizawa/,,,,,
hakuei-kim,Hakuei Kim,Kim; Hakuei,ハクエイ・キム,piano,https://www.universal-music.co.jp/hakuei-kim/,,,,,
hans-backenroth,Hans Backenroth,Backenroth; Hans,,bass,https://hansbackenroth.com/,,,,,
harold-maybern,Harold Maybern,Maybern; Harold,,piano,https://en.wikipedia.org/wiki/Harold_Mabern,,,,,
haruhiko-okabe,Haruhiko Okabe,Okabe; Haruhiko,岡部春彦,hichiriki,http://ww81.tiki.ne.jp/~hal-okabe/,,,,,
haruhisa-takamichi,Haruhisa Takamichi,Takamichi; Haruhisa,高道晴久,bass,,,,,,
haruka-sasaki,Haruka Sasaki,Sasaki; Haruka,佐々木はるか,sax,https://www.instagram.com/sasasakozy/,,,,,
harumi-nomoto,Harumi Nomoto,Nomoto; Harumi,野本晴美,piano,https://haruminomoto.jimdofree.com/,1,,,http://blog.livedoor.jp/ha_roomy/,
haruna-ishigaki,Haruna Ishigaki,Ishigaki; Haruna,石垣陽菜,bass,https://ggjazz.com/bass.html,,,,,
harutoshi-ito,Harutoshi Ito,Ito; Harutoshi,伊藤ハルトシ,cello,https://www.itoharutoshi.com,,,,,
heitetsu-rin,Heitetsu Rin,Rin; Heitetsu,リンヘイテツ,piano,https://www.rinheitetsu.com/,,,,,
hibiki-sato,Hibiki Sato,Sato; Hibiki,佐藤ひびき,vocals,https://www.hibikisato.info/,,,,,
hideaki-hori,Hideaki Hori,Hori; Hideaki,堀秀彰,piano,https://www.hideakihori.com/,1,,,http://horinky.withmusic.jp/,
hideaki-kanazawa,Hideaki Kanazawa,Kanazawa; Hideaki,金澤英明,bass,http://kanabass.web.fc2.com/,,,,,
hideaki-nakaji,Hideaki Nakaji,Nakaji; Hideaki,中路英明,trombone,http://blog.livedoor.jp/obatala/,,,,,
hideaki-yoshioka,Hideaki Yoshioka,Yoshioka; Hideaki,吉岡秀晃,piano,http://hideakiyoshioka.com/,,,,,
hidefumi-toki,Hidefumi Toki,Toki; Hidefumi,土岐英史,saxophone,https://cd-v.net/toki/,,,,,
hideki-kawamura,Hideki Kawamura,Kawamura; Hideki,河村英樹,saxophone,http://hidekisax.com/,,,,,
hidenobu-kalta-otsuki,Hidenobu “Kalta” Otsuki,Otsuki; Hidenobu “Kalta”,大槻“KALTA”英宣,drums,http://www.kaltek-musik-engine.com/,,,カルタ,,
hidenori-sato,Hidenori Sato,Sato; Hidenori,佐藤英宜,drums,http://hidenorisato.blog.fc2.com/,,,,,
hikari-ichihara,Hikari Ichihara,Ichihara; Hikari,市原ひかり,trumpet,https://hikariichihara.com/,,,,http://www.hikari-ichihara.com/,
hikaru-toho,Hikaru Toho,Toho; Hikaru,東保光,bass,https://pikasuke.exblog.jp/,,,,http://hikarutoho.web.fc2.com/about.html,
hinako-hodoshima,Hinako Hodoshima,Hodoshima; Hinako,程嶋日奈子,bass,http://www.hinabass.com/,,,,,
hinata-ishii,Hinata Ishii,Ishii; Hinata,石井ひなた,piano/saxophone,https://ultravybe.lnk.to/myplace,,,,,
hiro-a-key,Hiro-a-key,Hiro-a-key,,vocal,https://hiro-a-key.net/,,Nenashi,,,
hiro-kimura,Hiro Kimura,Kimura; Hiro,木村紘,drums,https://ameblo.jp/pasokimura/,,,,,
hiroaki-mizutani,Hiroaki Mizutani,Mizutani; Hiroaki,水谷浩章,bass,http://www.ab.cyberhome.ne.jp/~mizmzic/index.html,,,,,
hiroco-nagano,Hiroco Nagano,Nagano; Hiroco,永野寛子,vocal,https://hiroconaganoofficial.amebaownd.com/,,,,https://ameblo.jp/hiroconagano/,
hiroe-kobayashi,Hiroe Kobayashi,Kobayashi; Hiroe,小林宏衣,vocal,https://hirosnoopyhiro.wixsite.com/mysite,,Andy Hiroe,,https://ameblo.jp/snoopysurf/,https://www.instagram.com/hiro_ek/
hirohito-miyagami,Hirohito Miyagami,Miyagami; Hirohito,宮上啓仁,bass,https://hirohitomiyagami.wixsite.com/gamishi,,,,,
hirokazu-ishida,Hirokazu Ishida,Ishida; Hirokazu,石田寛和,saxophone,http://www.hirokazuishida.tokyo/,,,,,
hiroki-chiba,Hiroki Chiba,Chiba; Hiroki,千葉広樹,bass,https://linktr.ee/Hirokichiba,,,,,
hiroki-hayashi,Hiroki Hayashi,Hayashi; Hiroki,林宏樹,sax,https://thejazzmanstudio.amebaownd.com/,,,,,
hiroki-kitazawa,Hiroki Kitazawa,Kitazawa; Hiroki,北澤大樹,drums,https://www.instagram.com/hirokitazawa,,,,,
hiroki-miyano,Hiroki Miyano,Miyano; Hiroki,宮野弘紀,guitar,https://ameblo.jp/hiroki-miyano/,,,,,
hiroki-morioka,Hiroki Morioka,Morioka; Hiroko,森丘ヒロキ,piano,https://hiroki.moo.jp/,,,,,
hiroki-otsuka,Hiroki Otsuka,Otsuka; Hiroki,大塚浩貴,percussion,,,,,,
hiroki-shindo,Hiroki Shindo,Shindo; Hiroki,進藤洋樹,guitar,https://so-c.co.jp/ieoto/work/hirokishindo/,,,,,
hiroko-ishikawa,Hiroko Ishikawa,Ishikawa; Hiroko,石川寛子,violin,https://ishikawahiroko.com/,,,,,
hiroko-mase,Hiroko Mase,Mase; Hiroko,ませひろこ,saxophone,http://bowz.main.jp/masehiroko/,1,,,https://masehiro.exblog.jp/,
hiroko-takada,Hiroko Takada,Takada; Hiroko,高田ひろ子,piano,https://turdur.seesaa.net/,,,,,
hiroko-williams,Hiroko Williams,Williams; Hiroko,ウィリアムス浩子,vocal,https://hirokowilliams.com/,,,,,
hiromi-miura,Hiromi Miura,Miura; Hiromi,三浦裕美,saxophone,,,,,,
hiromi-shimizu,Hiromi Shimizu,Shimizu; Hiromi,清水ひろみ,vocal,http://hiromi-shimizu.info/,,,,https://ameblo.jp/hiromi-shimizu/,
hiromi-uehara,Hiromi Uehara,Uehara; Hiromi,上原ひろみ,piano,https://www.hiromiuehara.com/,,Hiromi,ひろみ,,
hironobu-nozawa,Hironobu Nozawa,Nozawa; Hironobu,野澤宏信,drums,https://hironobunozawa.weebly.com,,,,,
hironori-suzuki,Hironori Suzuki,Suzuki; Hironori,鈴木宏紀,drums,https://ameblo.jp/hironori-suzuki/,,,,,
hiroshi-fukutomi,Hiroshi Fukutomi,Fukutomi; Hiroshi,福冨博,guitar,https://hiroshifukutomi.jimdofree.com/,,,,,
hiroshi-gori-matsuda,Hiroshi “GORI” Matsuda,Matsuda; Hioshi “GORI”,松田“GORI”広士,drums,https://matsudagorihiroshi.jimdofree.com/,,,,,
hiroshi-iihoshi,Hiroshi Iihoshi,Iihoshi; Hiroshi,飯星裕史,keyboard,http://iihoshi.sakura.ne.jp/,,,,,
hiroshi-ikejiri,Hiroshi Ikejiri,Ikejiri; Hiroshi,池尻洋史,bass,https://hiroshiikejiri.tumblr.com/,,,,,
hiroshi-kagawa,Hiroshi Kagawa,Kagawa; Hiroshi,香川裕史,bass,http://kagawahiroshi.blog111.fc2.com/,,,,,
hiroshi-kojima,Hiroshi Kojima,Kojima; Hiroshi,小島洋,saxophone,https://www.facebook.com/hiroshi.kojima.92754,,,,,
hiroshi-minami,Hiroshi Minami,Minami; Hiroshi,南博,piano,https://minamihiroshi.com/,,,,,
hiroshi-murakami,Hiroshi Murakami,Murakami; Hiroshi,村上寛,drums,https://ameblo.jp/hmd314/,,,,,
hiroshi-sugano,Hiroshi Sugano,Sugano; Hiroshi,菅野浩,sax,https://hiroshi-sugano.com/,,,,,
hiroshi-suzuki,Hiroshi Suzuki,Suzuki; Hiroshi,鈴木広志,saxophone,http://www.suzuki-hiroshi.com/,,,,,
hiroshi-takase,Hiroshi Takase,Takase; Hiroshi,高瀬裕,bass,http://www.takasehiroshi.com/,,,,,
hiroshi-yoshino,Hiroshi Yoshino,Yoshino; Hiroshi,吉野弘志,bass,https://emeregueponchi1955.jimdofree.com/,,,,,
hirotsugu-sakemoto,Hirotsugu Sakemoto,Sakemoto; Hirotsugu,酒本廣継,trombone,https://trbsakejazz.wixsite.com/swingin--trombone,,,,,
hiroyasu-sugano,Hiroyasu Sugano,Sugano; Hiroyasu,菅野博靖,vocal,,,,,,
hiroyoshi-horie,Hiroyoshi Horie,Horie; Hiroyoshi,堀江洋賀,guitar,https://ameblo.jp/creamsoda-okawari/,,,,https://armadillo-armadillo.jimdofree.com/%E5%A0%80%E6%B1%9F%E6%B4%8B%E8%B3%80/,
hiroyuki-ishikawa,Hiroyuki Ishikawa,Ishikawa; Hiroyuki,石川広行,trumpet,https://ameblo.jp/voice-to-voices/,,,,,
hiroyuki-kubota,Hiroyuki Kubota,Kubota; Hiroyuki,久保田浩之,guitar,https://www.instagram.com/kubota335_guitar/,,kubota (from Jill-Decoy association),,,
hiroyuki-takubo,Hiroyuki Takubo,Takubo; Hiroyuki,田窪寛之,piano,https://hirotakubo.exblog.jp/,,,,,
hiroyuki-yamaguchi,Hiroyuki Yamaguchi,Yamaguchi; Hiroyuki,山口裕之,bass,https://www.hiroyukiyamaguchi.net/,,,,,
hiroyuki-yamamoto,Hiroyuki Yamamoto,Yamamoto; Hiroyuki,山本裕之,bass,http://hiroyukiyamamoto.com/,,,,,
hisatsugu-suzuki,Hisatsugu Suzuki,Suzuki; Hisatsugu,鈴木央紹,saxophone,http://www.hisax.net/,,,,,
hitomi-aikawa,Hitomi Aikawa,Aikawa; Hitomi,相川瞳,percussion,https://www.hitomiaikawa.com/,,,,,
hitomi-nishiyama,Hitomi Nishiyama,Nishiyama; Hitomi,西山瞳,piano,https://hitominishiyama.net/,1,,,,
hitomi-yamakami,Hitomi Yamakami,Yamakami; Hitomi,ヤマカミヒトミ,saxophone,https://hitomiya.exblog.jp/,,,,,
hiyoyuki-yokota,Hiroyuki Yokota,Yokota; Hiroyuki,横田寛之,saxophone,http://www.gauchedavinci.com/,,,,,
ikuo-sakurai,Ikuo Sakurai,Sakurai; Ikuo,櫻井郁雄,bass,https://jazzlive.jp/SakuraiIkuo/,,,,,
ippei-kato,Ippei Kato,Kato; Ippei,加藤一平,guitar,https://ippeih3.exblog.jp/,,,,,
isabeau-hansen,Isabeau Hansen,Hansen; Isabeau,,flute,,,,,,
isao-suzuki,Isao Suzuki,Suzuki; Isao,鈴木勲,bass,https://ameblo.jp/jazzgodfather/,,Omasound,,,
issei-yoshiba,Issei Yoshiba,Yoshiba; Issei,吉羽 一星,percussion,https://www.instagram.com/issei_goza_timbal_yoshiba/,,,,,
itsumi-komano,Itsumi Komano,Komano; Itsumi,駒野逸美,trombone,https://ameblo.jp/komanoitsumi-trombone/,,,,,
ittetsu-takemura,Ittetsu Takemura,Takemura; Ittetsu,竹村一哲,drums,http://ittetsu2.web.fc2.com/,,,,,
iwao-masuhara,Iwao Masuhara,Masuhara; Iwao,増原巖,bass,https://musicisreal.hatenablog.com/,,,,,
jack-dejohnette,Jack DeJohnette,DeJohnette; Jack,,drums,https://www.jackdejohnette.com/,,,,,
jakob-buchanan,Jakob Buchanan,Buchanan; Jakob,,flugelhorn,,,,,,
james-macaulay,James Macaulay,Macaulay; James,,trombone,https://www.jamesmacaulay.com.au/,,,,,
james-moody,James Moody,Moody; James,,saxophone,https://en.wikipedia.org/wiki/James_Moody_(saxophonist),,,,,
jay-anderson,Jay Anderson,Anderson; Jay,,bass,http://www.jayandersonbass.com/,,,,,
jean-philippe-viret,Jean-Philippe Viret,Viret; Jean-Philippe,,bass,https://www.jeanphilippeviret.com/,,,,,
jeff-ballard,Jeff Ballard,Ballard; Jeff,,drums,https://www.jeffballard.com/,,,,,
jeff-tain-watts,Jeff “Tain” Watts,Watts; Jeff “Tain”,,drums,https://jefftain.bandcamp.com/,,,,,
jeremy-manasia,Jeremy Manasia,Manasia; Jeremy,,piano,http://www.jeremymanasia.com/,,,,,
jerome-jennings,Jerome Jennings,Jennings; Jerome,,drums,http://www.jeromejennings.com/,,,,,
jesse-forest,Jesse Forest,Forest; Jesse,,guitar,https://jesseforestmusic.com/,,,,,
jimmy-heath,Jimmy Heath,Heath; Jimmy,,saxophone,https://www.jimmyheath.com/,,,,https://en.wikipedia.org/wiki/Jimmy_Heath,
jin-mitsuda,Jin Mitsuda,Mitsuda; Jin,光田じん,drums,https://mitsudajin.com/,,,,,
jiro-okada,Jiro Okada,Okada; Jiro,岡田治郎,bass,http://jiro-okada.com/,,,,,
jiro-suzuki,Jiro Suzuki,Suzuki; Jiro,鈴木次郎,guitar,,,,,,
jo-da-babylonia,Jo da Babylonia,Babylonia; Jo da,ジョー・ダ・バビロニア,cavaquinho,http://jobaby.jp/,,,,,
jo-endo,Jo Endo,Endo; Jo,遠藤 定,bass,https://enjodobass.wixsite.com/joe-endo,,,,,
joe-farnsworth,Joe Farnsworth,Farnsworth; Joe,,drums,https://www.joefarnsworthdrums.com/,,,,,
joh-yamada,Joh Yamada,Yamada; Joh,山田穣,saxophone,https://www.ne.jp/asahi/jiyou/yama/index.htm,,,,,
johan-birgenius,Johan Birgenius,Birgenius; Johan,,drums,,,,,,
john-carlini,John Carlini,Carlini; John,,guitar,https://johncarlinimusic.com/,,,,,
john-ellis,John Ellis,Ellis; John,,saxophone,http://www.johnaxsonellis.com/,,,,,
jonathan-katz,Jonathan Katz,Katz; Jonathan,,piano,,,,,,
josei,Josei,Josei,丈青,piano,https://joseipiano.wixsite.com/home,,,,,
juasa-kano,Juasa Kano,Kano; Juasa,加納樹麻,drums,https://juasakanoh.com/,,,,,
jun-furuya,Jun Furuya,Furuya; Jun,古谷淳,piano,https://junfuruya.com/,,,,,
jun-kimura,Jun Kimura,Kimura; Jun,木村純,guitar,https://jun-kimura.jp/,,,,,
jun-miyakawa,Jun Miyakawa,Miyakawa; Jun,宮川純,piano,https://www.jun-miyakawa.com/,,,,,
jun-satsuma,Jun Satsuma,Satsuma; Jun,佐津間純,guitar,https://junsatsuma.com/,,,,,
jun-yamaoka,Jun Yamaoka,Yamaoka; Jun,山岡潤,euphonium,,,,,,
junichi-sato,Junichi Sato,Sato; Junichi,佐藤潤一,bass,https://www.instagram.com/jun3321mimi/,,,,,
junichiro-ohkuchi,Junichiro Ohkuchi,Ohkuchi; Junichiro,大口純一郎,piano,https://pianistjohkuchi.blogspot.com/,,,,,
junja-kameyama,Junja Kameyama,Kameyama; Junja,亀山淳弥,guitar,https://kasamemusic.com/teacher/kameyama-junya-guitar-lesson,,,,,
junji-hirose,Junji Hirose,Hirose; Junji,広瀬潤次,drums,https://hirolin.jimdofree.com/,,,,,
junko-hirayama,Junko Hirayama,Hirayama; Junko,平山順子,saxophone,https://kotoriongaku.com/junkohirayama/,,,,https://ameblo.jp/petitmoo/,
junko-onishi,Junko Onishi,Onishi; Junko,大西順子,piano,https://junkoonishi.jp/,,,,,
junko-tanaka,Junko Tanaka,Tanaka; Junko,田中淳子,vocal,http://juncomodo.com/,,,,,
jyoji-sawada,Jyoji Sawada,Sawada; Jyoji,沢田穣治,bass,https://ameblo.jp/jyojisawada/,,,,,
kaito-nakamura,Kaito Nakamura,Nakamura; Kaito,中村海斗,drums,https://www.instagram.com/kaito_nkmr_d/,,,,https://ameblo.jp/bakamugu343/,
kan,Kan,Kan,日高歓,percussion,https://www.instagram.com/tambourine.kan/,,,,,
kana-fuefuki,Kana Fuefuki,Fuefuki; Kana,笛吹かな,flute,https://www.fuefukikana.com/,,,,,
kana-hiramatsu,Kana Hiramatsu,Hiramatsu; Kana,平松加奈,violin,http://kanaviolin.com/,,,,,
kanae-shima,Kanae Shima,Shima; Kanae,志摩かなえ,violin,https://afia.info/%E5%BF%97%E6%91%A9%E3%81%8B%E3%81%AA%E3%81%88-3/,,,,,
kanji-ohta,Kanji Ohta,Ohta; Kanji,太田寛二,piano,https://www.kanji-ohta.com/,,,,,
kano-nami,Kano Nami,Nami; Kano,加納奈実,saxophone,https://kanonami.jimdofree.com/,1,,,https://ameblo.jp/namikano73/,
kanoa-mendenhall,Kanoa Mendenhall,Mendenhall; Kanoa,,bass,https://kanoamusic.com/,,,,,
kanoko-kitajima,Kanoko Kitajima,Kitajima; Kanoko,北島佳乃子,piano,https://ameblo.jp/jazz-pf/,,,,,
kanon-aonami,Kanon Aonami,Aonami; Kanon,蒼波花音,saxophone,https://kanon-aonami.com/,,,,,
kaori-banba,Kaori Banba,Banba; Kaori,番場かおり,viola,,,,,,
kaori-miyoshi,Kaori Miyoshi,Miyoshi; Kaori,三善香里,vocal,,,,,,
kaori-nakajima,Kaori Nakajima,Nakajima; Kaori,中島香里,vibraphone,https://qqvibnkaoripp.wixsite.com/jazz-vibist-kaori-na,,,,https://blog.goo.ne.jp/vibraphone_kaorin,
kaoru-azuma,Kaoru Azuma,Azuma; Kaoru,東かおる,vocal,https://kaoruazuma.com/,,,,,
kaoru-suzuki,Kaoru Suzuki,Suzuki; Kaoru,鈴木郁,drums,https://jazzshiryokan.net/jazzDB/musician_detail.php?recordID=M4541,,,スズキカヲル,,
katsuto-suzuki,Katsuto Suzuki,Suzuki; Katsuto,鈴木克人,bass,http://jazzbasssuzukikatsuto.web.fc2.com/,,,,,
kayoko-abe,Kayoko Abe,Abe; Kayoko,阿部かよこ,vocal,https://abekayoko.com/,,,,http://kayobossa.blog.fc2.com/,
kazu-odayama,Kazu Odayama,Odayama; Kazu,小山田和正,drums,https://oyadamablog.ldblog.jp/,,,,,
kazuaki-yokoyama,Kazuaki Yokoyama,Yokoyama; Kazuaki,横山和明,drums,https://blog.goo.ne.jp/klookmop,,,,,
kazuhide-motooka,Kazuhide Motooka,Motooka; Kazuhide,元岡一英,piano,https://www.discogs.com/artist/1652824-Kazuhide-Motooka,,,,,
kazuhiko-kondo,Kazuhiko Kondo,Kondo; Kazuhiko,近藤和彦,saxophone,http://www.kazuhikokondo.com/,,,,,
kazuhiko-obata,Kazuhiko Obata,Obata; Kazuhiko,小畑和彦,guitar,http://kaerukobo.com/obata_335/,,,,,
kazuhiko-takeda,Kazuhiko Takeda,Takeda; Kazuhiko,竹田一彦,guitar,https://ameblo.jp/kazuhikotakeda/,,,,,
kazuhiro-odagiri,Kazuhiro Odagiri,Odagiri; Kazuhiro,小田桐和寛,drums,https://www.kazuhiroodagiri.com/,,,,,
kazuhiro-sunaga,Kazuhiro Sunaga,Sunaga; Kazuhiro,須長和広,bass,https://kazuhirosunaga.tumblr.com/,,,,,
kazuhiro-tamura,Kazuhiro Tamura,Tamura; Kazuhiro,田村和大,piano,https://ameblo.jp/kazu-piano/,,,,,
kazuma-fujimoto,Kazuma Fujimoto,Fujimoto; Kazuma,藤本一馬,guitar,https://www.kazumafujimoto.com/,,,,,
kazuma-sone,Kazuma Sone,Sone; Kazuma,曽根一馬,guitar,https://kazuma-sone.jp/,,,,,
kazumasa-akiyama,Kazumasa Akiyama,Akiyama; Kazumasa,秋山一将,guitar,http://www7a.biglobe.ne.jp/~encore/akiyama/,,,,,
kazumasa-oyamada,Kazumasa Oyamada,Oyamada; Kazumasa,小山田和正,drums,http://oyadamablog.ldblog.jp/,,,,,
kazumi-ikenaga,Kazumi Ikenaga,Ikenaga; Kazumi,池長和美,drums,http://www.graphic-art.com/ikenaga/,,,,,
kazutoshi-umeda,Kazutoshi Umeda,Umeda; Kazutoshi,梅田和利,guitar,https://www.miyajimusic.com/school/lecturer/profile.php?id=umeda_kazutoshi,,,,,
kazuyoshi-kuroda,Kazuyoshi Kuroda,Kuroda; Kazuyoshi,黒田和良,drums,,,,,,
kei-akagi,Kei Akagi,Akagi; Kei,ケイ赤城,piano,http://www.worldcom.ne.jp/~yamagen/kei/top-info.htm,,,,,
keigo-iwami,Keigo Iwami,Iwami; Keigo,岩見継吾,bass,http://keigoiwami.blog110.fc2.com/,,,,,
keiichi-yoshida,Keiichi Yoshida,Yoshida; Keiichi,吉田桂一,piano,https://ameblo.jp/pianok10823/,,,,,
keiichiro-uemura,Keiichiro Uemura,Uemura; Keiichiro,上村計一郎,drums,,,,,,
keiji-matsushima,Keiji Matsushima,Matsushima; Keiji,松島啓之,trumpet,http://matsushimakeiji.com/,,,,,
keiketsu-ko,Keiketsu Ko,Ko; Keiketsu,黄啓傑,trumpet,https://ameblo.jp/kokeiketsu/,,,,,
keiko-chuma,Keiko Chuma,Chuma; Keiko,ちゅうまけいこ,vocal,http://chuma2.seesaa.net/,,,,,
keiko-morishita,Keiko Morishita,Morishita; Keiko,森下敬子,vocal,,,,,,
keisaku-takahashi,Keisaku Takahashi,Takahashi; Keisaku,髙橋佳作,piano,,,,,,
keisuke-furuki,Keisuke Furuki,Furuki; Keisuke,古木佳祐,bass,https://www.keisukefuruki.com/,,,,,
keisuke-nakamura,Keisuke Nakamura,Nakamura; Keisuke,中村恵介,trumpet,https://blackdevil729.wixsite.com/keisuke-nakamura,,,,https://ameblo.jp/keisuke-nakamura/,
keisuke-ohta,Keisuke Ohta,Ohta; Keisuke,太田惠資,violin,http://violin-ohta.cside.com/,,,,,
keita-harigai,Keita Harigai,Harigai; Keita,張替啓太,trombone,,,,,,
keita-okada,Keita Okada,Okada; Keita,岡田ケイタ,drums,,,,,,
keizo-kawano,Keizo Kawano,Kawano; Keizo,河野啓三,piano,,,,,,
ken-kaneko,Ken Kaneko,Kaneko; Ken,金子健,bass,http://www.bass-face.com/kenkaneko.html,,,,http://www.kenkaneko.com/,
ken-kawamura,Ken Kawamura,Kawamura; Ken,川村健,piano,https://kawaxken.wixsite.com/mysite,,,,,
ken-kobayashi,Ken Kobayashi,Kobayashi; Ken,小林健,drums,https://www.discogs.com/artist/4679945-Ken-Kobayashi-4,,,,,
ken-ota,Ken Ota,Ota; Ken,太田剣,saxophone,http://www.kenota.net/,,,,,
ken-takai,Ken Takai,Takai; Ken,高井健,vocal,,,,,,
ken-tsunoda,Ken Tsunoda,Tsunoda; Ken,角田健,drums,http://blog.livedoor.jp/tsunoken555/,,Tsunoken,つの犬,,
kendrick-scott,Kendrick Scott,Scott; Kendrick,,drums,http://www.kendrickscott.com/,,,,,
kengo-komae,Kengo Komae,Komae; Kengo,小前賢吾,drums,http://komason69.web.fc2.com/,,,,,
kengo-nakamura,Kengo Nakamura,Nakamura; Kengo,中村健吾,bass,https://kengonakamura.com/,,,,,
kenichi-nishio,Kenichi Nishio,Nishio; Kenichi,西尾健一,trumpet,https://jazzshiryokan.net/jazzDB/musician_detail.php?serialNumber=2748,,,,,
kenichiro-murata,Kenichiro Murata,Murata; Kenichiro,村田憲一郎,drums,https://ameblo.jp/muraken-jazz/,,,,,
kenichiro-shinzawa,Ken'ichiro Shinzawa,Shinzawa; Ken'ichiro,新澤健一郎,piano,https://www.shinzawa.net/,,,,http://pinzawa.jugem.jp/,
kenji-yoshitake,Kenji Yoshitake,Yoshitake; Kenji,吉武健次,bass,https://www.kenjiyoshitake.com/,,,,,
kenny-barron,Kenny Barron,Barron; Kenny,,piano,,,,,,
kenny-washington,Kenny Washington,Washington; Kenny,,drums,https://en.wikipedia.org/wiki/Kenny_Washington_(musician),,,,,
kenny-werner,Kenny Werner,Werner; Kenny,,piano,https://kennywerner.com/,,,,,
kenta-tsugami,Kenta Tsugami,Tsugami; Kenta,津上研太,saxophone,https://kentatsugami.amebaownd.com/,,,,,
kiichi-futamura,Kiichi Futamura,Futamura; Kiichi,二村希一,piano,https://kiichi-futamura.asablo.jp/blog/,,,,,
kiichiro-komobuchi,Kiichiro Komobuchi,Komobuchi; Kiichiro,コモブチキイチロウ,bass,http://www.comobass.com/,,,,,
kilin-sato,Kilin Sato,Sato; Kilin,佐藤きりん,bass,https://www.satokilin.com/,,Yusuke Sato,佐藤有介,,
kiyoshi-kitagawa,Kiyoshi Kitagawa,Kitagawa; Kiyoshi,北川潔,bass,https://en.wikipedia.org/wiki/Kiyoshi_Kitagawa,,,,,
kiyoshi-takeshita,Kiyoshi Takeshita,Takeshita; Kiyoshi,竹下清志,piano,,,,,,
kiyotaka-kuroda,Kiyotaka Kuroda,Kuroda; Kiyotaka,黒田清高,drums,,,,,,
klaus-nrgaard,Klaus Nørgaard,Nørgaard; Klaus,,bass,,,,,,
ko-omura,Ko Omura,Omura; Ko,大村亘,drums,https://kojazz0829.wixsite.com/1981,,,,https://koomuraa.exblog.jp/,
koei-tanaka,Koei Tanaka,Tanaka; Koei,田中光栄,harmonica,https://www.tanakakoei.com/,,,,,
kohei-ando,Kohei Ando,Ando; Kohei,安藤康平,saxophone,https://anpan5150.wixsite.com/anpan5150,,,,,
kohei-kamuro,Kohei Kamuro,Kamuro; Kohei,かむろ耕平,guitar,https://ameblo.jp/chicagomoon/,,,,,
kohei-kawanami,Kohei Kawanami,Kawanami; Kohei,河波浩平,vocal,https://namiheysound.tumblr.com/,,Namihey,,,
kohzo-komori,Kohzo Komori,Komori; Kohzo,小森耕造,drums,https://jazzshiryokan.net/jazzDB/musician_detail.php?recordID=M2163,,,,,
koichi-hirata,Koichi Hirata,Hirata; Koichi,平田晃一,guitar,https://ameblo.jp/koichihirata0726/,,,,,
koichi-hiroki,Koichi Hiroki,Hiroki; Koichi,廣木光一,guitar,https://hirokimusic.tokyo/,,,,,
koichi-inoue,Koichi Inoue,Inoue; Koichi,井上功一,drums,,,,,,
koichi-kuniwake,Koichi Kuniwake,Kuniwake; Koichi,国分航一,bass,,,,,,
koichi-osamu,Koichi Osamu,Osamu; Koichi,納浩一,bass,https://www.osamukoichi.net/,,,,,
koichi-sato,Koichi Sato,Sato; Koichi,佐藤浩一,piano,https://koichisato.com/,1,,,,
koji-goto,Koji Goto,Goto; Koji,後藤浩二,piano,https://kojigoto.web.fc2.com/,,,,,
koji-tetsui,Koji Tetsui,Tetsui; Koji,鉄井孝司,bass,https://www.instagram.com/koztet/,,,,,
koji-yamashita,Koji Yamashita,Yamashita; Koji,山下弘治,bass,https://jazzshiryokan.net/jazzDB/musician_detail.php?serialNumber=1835,,Kohji Yamashita,,,
koji-yasuda,Koji Yasuda,Yasuda; Koji,安田幸司,bass,http://jmsu.web.fc2.com/koji/,,,,,
koki-matsui,Koki Matsui,Matsui; Koki,松井宏樹,saxophone,https://www.kokimatsui.com/,,,,,
kosuke-mine,Kosuke Mine,Mine; Kosuke,峰厚介,saxophone,http://www.aomori-net.ne.jp/~yamagen/mine/top.htm,,,,,
kosuke-ochiai,Kosuke Ochiai,Ochiai; Kosuke,落合康介,bass,https://skbss117.exblog.jp/,,,,,
kota-kaihori,Kota Kaihori,Kaihori; Kota,海堀弘太,piano,https://kotakaihori.com/biography/,,,,,
kotaro-kobayashi,Kotaro Kobayashi,Kobayashi; Kotaro,小林航太朗,bass,https://kotarobass.exblog.jp/,,,,,
kouki,Kouki,Kouki,,vocal,,,,,,
koyuza-sanyutei,Koyuza Sanyutei,Sanyutei; Koyuza,三遊亭小遊三,trumpet,https://ja.wikipedia.org/wiki/%E4%B8%89%E9%81%8A%E4%BA%AD%E5%B0%8F%E9%81%8A%E4%B8%89,,,,,
kozue-tsukayama,Kozue Tsukayama,Tsukayama; Kozue,津嘉山梢,piano,https://uruma186.amebaownd.com/,,,,,
kunie-kai,Kunie Kai,Kai; Kunie,甲斐久仁江,vocal,https://kunie-kai.com/,,,,,
kunihiro-kikuta,Kunihiro Kikuta,Kikuta; Kunihiro,菊田邦裕,trumpet,https://www.youtube.com/channel/UCL7aERvz2tS1SvXQYUEmybw,,,,,
kunikazu-tanaka,Kunikazu Tanaka,Tanaka; Kunikazu,田中邦和,saxophone,https://www.kuni-kuni.net/,,,,,
kunio-oinuma,Kunio Oinuma,Oinuma; Kunio,生沼邦夫,bass,,,,,,
kunpei-nakabayashi,Kunpei Nakabayashi,Nakabayashi; Kunpei,中林薫平,bass,https://www.instagram.com/kunpeibass/,,,,https://soundcloud.com/nakabayashi-kunpei,
kuruno-haruko,Kuruno Haruko,Haruko; Kuruno,黒野治子,piano,,,,,,
kyoko-ogata,Kyoko Ogata,Ogata; Kyoko,緒方京子,vocal,,,,,,
kyouka-asanuma,Kyouka Asanuma,Asanuma; Kyouka,浅沼杏花,violin,,,,,,
kyrie-anderson,Kyrie Anderson,Anderson; Kyrie,キリー・アンダーソン,drums,https://www.kyrieandersonmusic.com.au/,,,,,
lafrae-olivia-sci,LaFrae Olivia Sci,Sci; LaFrae Olivia,,drums,,,,,,
larry-grenadier,Larry Grenadier,Grenadier; Larry,,bass,https://larrygrenadier.com/,,,,,
layla-tomomi-sakai,Layla Tomomi Sakai,Sakai; Layla Tomomi,坂井レイラ知美,vocal,https://www.sakailaylatomomi.com/,,Sakai Layla Tomomi,,,
leina-ushiyama,Leina Ushiyama,Ushiyama; Leina,牛山玲名,violin,http://leina017.jugem.jp/,,,,,
leona-isabella,Leona Isabella,Isabella; Leona,レオナ・イザベラ,vocal,https://www.leonaisabella.com/,,,,,
lewis-nash,Lewis Nash,Nash; Lewis,,drums,https://lewisnashmusic.com/,,,,,
lili,LiLi,LiLi,りり,vocal,https://vocal-lili.wixsite.com/lili-jazz/,,LiLi Vocal,,,
lionel-loueke,Lionel Loueke,Loueke; Lionel,,guitar,https://www.lionellouekemusic.com/,,,,,
luques-curtis,Luques Curtis,Curtis; Luques,,bass,https://www.luquescurtis.com/,,,,,
m-oto,M-oto,M-oto,エムオート,human beat box,,,,,,
mabumi-yamaguchi,Mabumi Yamaguchi,Yamaguchi; Mabumi,山口真文,saxophone,https://mabumi.com/,,,,,
madoka-koike,Madoka Koike,Koike; Madoka,小池まどか,violin,,,,,,
magne-thormodster,Magne Thormodsæter,Thormodsæter; Magne,,bass,https://en.wikipedia.org/wiki/Magne_Thormods%C3%A6ter,,,,,
magnus-hjorth,Magnus Hjorth,Hjorth; Magnus,,piano,,,,,,
mai-petty,Mai Petty,Petty; Mai,マイペティ,vocal,https://pettyblossom.com/,,Mai Suzuki,,https://ameblo.jp/mai-joyfulworld/,
maiko,maiko,maiko,マイコ,violin,https://jvmaiko.com/,,maiko,平岡舞子,https://ameblo.jp/jvmaiko/,
maki-fujihashi,Maki Fujihashi,Fujihashi; Maki,藤橋万記,percussion,https://linktr.ee/makicongas,,,,https://note.com/makiconga/,
maki-fujimura,Maki Fujimura,Fujimura; Maki,藤村麻紀,vocal,https://maki.tv/,,,,,
maki-kikuchi,Maki Kikuchi,Kikuchi; Maki,菊地真紀,vocal,http://blog.livedoor.jp/maki_sweetbird/,,,,https://www.instagram.com/maki_sweetbird/,
maki-kitamura,Maki Kitamura,Kitamura; Maki,北村真紀,piano,https://www.facebook.com/maki.kitamura.73,,,,https://pfmakitamura.base.shop/,
maki-nakao,Maki Nakao,Nakao; Maki,中尾真喜,vocal,https://ameblo.jp/nakkysing/,,,,https://spaceshowermusic.com/artist/12084095/,
maki-okudaira,Maki Okudaira,Okudaira; Maki,奥平真希,vocal,https://www.makiokudaira.com/,,,,,
maki-tominaga,Maki Tominaga,Tominaga; Maki,富永真紀,piano,,,,,,
makiko-murakosi,Makiko Murakosi,Murakosi; Makiko,村越麻希子,violin,,,,,,
makiko-sugawara,Makiko Sugawara,Sugawara; Makiko,菅原牧子,violin,,,,,,
makiyo-sakai,Makiyo Sakai,Sakai; Makiyo,酒井麻生代,flute,https://makiyo327.wixsite.com/flute,,,,https://ameblo.jp/flu-ty,
makoto-deguchi,Makoto Deguchi,Deguchi; Makoto,出口誠,piano,,,,,,
makoto-nishida,Makoto Nishida,Nishida; Makoto,西田まこと,guitar,,,,,,
makoto-oka,Makoto Oka,Oka; Makoto,岡淳,saxophone,https://www.oka.net/,,,,,
makoto-ozone,Makoto Ozone,Ozone; Makoto,小曽根真,piano,https://makotoozone.com/,,,,,
makoto-rikitake,Makoto Rikitake,Rikitake; Makoto,力武誠,drums,https://ameblo.jp/makoto-rikitake/,,,,https://rickyhappy.thebase.in/,
makoto-terashita,Makoto Terashita,Terashita; Makoto,寺下誠,piano,https://www.jazz.co.jp/Mus/terashitamako.html,,,,,
makoto-togashi,Makoto Togashi,Togashi; Makoto,冨樫マコト,bass,https://ameblo.jp/togashibass/,,,,,
mamoru-ishida,Mamoru Ishida,Ishida; Mamoru,石田衛,piano,http://mamoruishida.blogspot.com/,,,,,
mana-mashiko,Mana Mashiko,Mashiko; Mana,益子麻奈,vocal,https://www.manamashiko.com/,,,,,
manabu-fujii,Manabu Fujii,Fujii; Manabu,藤井学,drums,https://manabufujii.jp/,,,,https://manabu-fujii.jimdofree.com/,
manabu-hashimoto,Manabu Hashimoto,Hashimoto; Manabu,橋本学,percussion,http://mh-ob.blogspot.com/,2,,,,
manabu-ohishi,Manabu Ohishi,Ohishi; Manabu,大石学,piano,https://cd-v.net/ohishi/,,,,,
manami-inoue,Manami Inoue,Inoue; Manami,井上真那美,cello,https://manamivc.exblog.jp/,,,,,
manami-ishikawa,Manami Ishikawa,Ishikawa; Manami,石川真奈美,vocal,https://manami-voice.com/,,,,,
mao-sakamoto,Mao Sakamoto,Sakamoto; Mao,坂本マオ,vocal,,,,,,
mao-sone,Mao Sone,Sone; Mao,曽根麻央,trumpet,https://www.maosone.com/,,,,,
mari-shiina,Mari Shiina,Shiina; Mari,椎名まり,vocal,http://lavion.main.jp/,,,椎名真理,https://www.marishiina.com/,
mari-yamashita,Mari Yamashita,Yamashita; Mari,山下真理,vibraphone,http://mariyamashita.com/,,,,,
marica-hiraga,Marica Hiraga,Hiraga; Marica,平賀マリカ,vocal,https://www.maricahiraga.jp/,,,,https://sites.google.com/site/maricajazmin/home,
mariko-kajiwara,Mariko Kajiwara,Kajiwara; Mariko,梶原まりこ,vocal,https://jazzgateone.com/staff.htm,,,,,
mariko-maeda,Mariko Maeda,Maeda; Mariko,前田真梨子,trombone,https://maedamario.wixsite.com/maeda-mariko,,,,https://ameblo.jp/maedamario-tb/,
mark-crooks,Mark Crooks,Crooks; Mark,,saxophone,,,,,,
mark-ferber,Mark Ferber,Ferber; Mark,,drums,https://www.markferber.com/,,,,,
mark-taylor,Mark Taylor,Taylor; Mark,,drums,https://www.allaboutjazz.com/musicians/mark-taylor-drummer,,,,,
mark-tourian,Mark Tourian,Tourian; Mark,,bass,http://marktourian.com/,,,,,
martha-kato,Martha Kato,Kato; Martha,加藤真亜沙,piano&vocals,https://marthakato.com/,,,,,
marty-holoubek,Marty Holoubek,Holoubek; Marty,マーティ・ホロベック,bass,https://www.martinholoubek.com/,,,,,
masa-kamaguchi,Masa Kamaguchi,Kamaguchi; Masa,マサ・カマグチ,bass,https://www.discogs.com/artist/979365-Masa-Kamaguchi,,,,,
masaaki-ikeda,Masaaki Ikeda,Ikeda; Masaaki,池田雅明,trombone,http://www.masaikeda.com/,,,,,
masaaki-imaizumi,Masaaki Imaizumi,Imaizumi; Masaaki,今泉正明,piano,http://masaaki-imaizumi.music.coocan.jp/,,,,,
masaaki-saito,Masaaki Saito,Saito; Masaaki,齋藤大陽,bass,https://masaakisaito.weebly.com/,,,,,
masaharu-sasaki,Masaharu Sasaki,Sasaki; Masaharu,佐々木正治,guitar,https://profile.ameba.jp/ameba/masajazz/,,Sasaki Man Masaharu,佐々木MAN正治,,
masahiko-osaka,Masahiko Osaka,Osaka; Masahiko,大坂昌彦,drums,https://osaka-masahiko.com/,,,,,
masahiko-sato,Masahiko Sato,Sato; Masahiko,佐藤允彦,piano,http://www.mmjp.or.jp/m_satoh/,,Masahiko Satoh,,,
masahiro-ishiwata,Masahiro Ishiwata,Ishiwata; Masahiro,石渡雅裕,piano,,,,,,
masahiro-itami,Masahiro Itami,Itami; Masahiro,伊丹雅博,guitar,,,,,,
masahiro-sayama,Masahiro Sayama,Sayama; Masahiro,佐山雅弘,piano,https://sayamamasahiro.com/,,,,,
masahiro-tajika,Masahiro Tajika,Tajika; Masahiro,田鹿雅裕,drums,http://masahirotajika.web.fc2.com/,,,,,
masahiro-yamamoto,Masahiro Yamamoto,Yamamoto; Masahiro,山本昌広,saxophone,https://momohiko61.exblog.jp/,,,,,
masaki-akiba,Masaki Akiba,Akiba; Masaki,秋葉正樹,drums,,,,,,
masaki-hanawa,Masaki Hanawa,Hanawa: Masaki,塙正貴,sax,https://www.masakihanawa.com/,,,,,
masaki-hayashi,Masaki Hayashi,Hayashi; Masaki,林正樹,piano,http://www.c-a-s-net.co.jp/masaki/,,,,,
masaki-kai,Masaki Kai,Kai; Masaki,甲斐正樹,bass,https://masakik.exblog.jp/,,,,,
masako-hamamura,Masako Hamamura,Hamamura; Masako,浜村昌子,piano,https://masakoh.exblog.jp/,,,,,
masako-kunisada,Masako Kunisada,Kunisada; Masako,国貞雅子,vocal,https://machappa.wixsite.com/masakokunisada,,,,https://ameblo.jp/itumo-kokoro/,
masamazu-inoue,Masamazu Inoue,Inoue; Masamazu,井上雅一,saxophone,https://jazzshiryokan.net/jazzDB/musician_detail.php?serialNumber=481,,God Inoue,ゴッド井上,,
masami-kitagawa,Masami Kitagawa,Kitagawa; Masami,北川真美,vocal,http://masami-k.net/,,,,,
masanori-ando,Masanori Ando,Ando; Masanori,安藤正則,drums,http://www.andomasanori.com/,,,,,
masanori-okazaki,Masanori Okazaki,Okazaki; Masanori,岡崎正典,sax,https://masanoriokazakisax.jimdofree.com/home/,,,,,
masanori-sugimoto,Masanori Sugimoto,Sugimoto; Masanori,杉本匡教,saxophone,,,,,,
masao-tajima,Masao Tajima,Tajima; Masao,田嶋真佐雄,bass,https://ameblo.jp/tajimasao/,,,,,
masaru-okuyama,Masaru Okuyama,Okuyama; Masaru,奥山勝,piano,http://m-okuyama-home.sakura.ne.jp/,,,,,
masashi-kimura,Masashi Kimura,Kimura; Masashi,木村将之,bass,https://www.kimuramasashi.com/,,,,,
masashi-tomikawa,Masashi Tomikawa,Tomikawa; Masashi,冨川政嗣,drums,https://masashitomikawa.com/,,,,,
masatake-abe,Masatake Abe,Abe; Masatake,阿部真武,electric bass,https://lit.link/en/masatakeabe,,,,,
masato-kubo,Masato Kubo,Kubo; Masato,久保公人,cello,,,,,,
masato-shirahata,Masato Shirahata,Shirahata; Masato,白幡真都,bass,https://note.com/shira_hata/,,,,,
masatsugu-hattori,Masatsugu Hattori,Hattori; Masatsugu,服部正嗣,drums,https://masatsuguhattori.tumblr.com/,,,,,
masayasu-tzboguchi,Masayasu Tzboguchi,Tzboguchi; Masayasu,坪口昌恭,piano,http://www.tzboguchi.com/,,,,,
masayo-koketsu,Masayo Koketsu,Koketsu; Masayo,纐纈雅代,saxophone,http://masayokoketsu.com/,,,,https://ameblo.jp/masayo-koketsu/,
masayuki-kume,Masayuki “Gakio” Kume,Kume; Masayuki “Gakio”,久米雅之,drums,http://gakio.music.coocan.jp/,,,,,
masayuki-tawarayama,Masayuki Tawarayama,Tawarayama; Masayuki,俵山昌之,bass,https://www.discogs.com/artist/1087833-Masayuki-Tawarayama,,,,,
matsumonica,Matsumonica,Matsumonica,マツモニカ,harmonica,http://matsumonica.sblo.jp/,,,,,
matt-clohesy,Matt Clohesy,Clohesy; Matt,,bass,http://archive.soundamerican.org/sa_archive/sa18/matt-clohesy.html,,,,,
matt-home,Matt Home,Home; Matt,,drums,,,,,,
matthieu-bordenave,Matthieu Bordenave,Bordenave; Matthieu,,saxophone,https://www.matthieu-bordenave.com/,,,,,
maurice,Maurice,Maurice,,vocals,,,,,,
mauricio-herrera,Mauricio Herrera,Herrera; Mauricio,,congas,,,,,,
may-inoue,May Inoue,Inoue; May,井上銘,guitar,https://mayinoue.com/,,,,,
maya-hatch,Maya Hatch,Hatch; Maya,マヤ･ハッチ,vocal,https://mayahatch.com/,,,,,
mayuko-katakura,Mayuko Katakura,Katakura; Mayuko,片倉真由子,piano,https://www.mayukokatakura.net/,,,,https://ameblo.jp/mayukokatakura/,
mayumi-miyata,Mayumi Miyata,Miyata; Mayumi,宮田まゆみ,vocal,https://miyamayu.blogspot.com/,,,,,
mayumi-sano,Mayumi Sano,Sano; Mayumi,佐野まゆみ,cello,http://sanomayumi.com/,,,,,
mc-boodah,MC Boodah,MC Boodah,,vocal,,,,,,
megumi-hattori,Megumi Hattori,Hattori; Megumi,服部恵,percussion,https://www.megumi-hattori.com/,,,,,
megumi-kotomi,Megumi Kotomi,Kotomi; Megumi,詞美恵,vocal,http://percussion-meg.jimdo.com/,,,,https://megumik.exblog.jp/,
megumi-otsuka,Megumi Otsuka,Otsuka; Megumi,大塚恵,bass,https://otsukamegumipangaea.bandcamp.com/,,,,,
megumi-ozawa,Megumi Ozawa,Ozawa; Megumi,小澤恵,viola,https://youtu.be/vG-OeFsWHXc,,,,,
megumi-yonezawa,Megumi Yonezawa,Yonezawa; Megumi,米澤めぐみ,piano,https://www.megumiyonezawa.com/,,,,,
michihiro-morisada,Michihiro Morisada,Morisada; Michihiro,森定道広,bass,https://ameblo.jp/morisadam/,,,,,
michiru-hirose,Michiru Hirose,Hirose; Michiru,廣瀬みちる,piano,https://www.michiruhirose.com/,,,,,
michiyo-matsushita,Michiyo Matsushita,Matsushita; Michiyo,松下美千代,piano,https://michiyomatsushita.amebaownd.com/,1,Michiyon,,https://ameblo.jp/mimimimimichika/,
michiyuki-koyama,Michiyuki Koyama,Koyama; Michiyuki,小山道之,guitar,https://www.instagram.com/michiyuki_koyama/,,,,,
midori-sakurai,Midori Sakurai,Sakurai; Midori,櫻井みどり,vocal,https://midokomidoko.jimdofree.com/,,,,http://blog.livedoor.jp/midokomidoko/,
mie-joke,Mie Joké,Joké; Mie,情家みえ,vocal,https://www.miejoke.com/,,,,https://ameblo.jp/miejoke/,
mikako-nishikawa,Mikako Nishikawa,Nishikawa; Mikako,西川珠香子,vocal,https://mikakonishikawa.amebaownd.com/,,,,,
mike-holober,Mike Holober,Holober; Mike,,piano,https://www.mikeholober.com/,,,,,
mike-karn,Mike Karn,Karn; Mike,,bass,https://mikekarnbass.wordpress.com/,,,,,
mike-ledonne,Mike LeDonne,LeDonne; Mike,,piano,https://mikeledonne.org/,,,,,
mike-mcguirk,Mike McGuirk,McGuirk; Mike,,bass,https://www.allaboutjazz.com/musicians/mike-mcguirk,,,,,
mike-rivett,Mike Rivett,Rivett; Mike,,saxophone,https://www.mikerivett.com/,,,,,
miki-hayama,Miki Hayama,Hayama; Miki,早間美紀,piano,http://www.mikihayama.com/,,,,,
miki-hirose,Miki Hirose,Hirose; Miki,広瀬未来,trumpet,https://mikimusic.exblog.jp/,,,,,
miki-matsuki,Miki Matsuki,Matsuki; Miki,松木三季,drums,https://www.allaboutjazz.com/musicians/miki-matsuki,,,,,
mikiko-ise,Mikiko Ise,Ise; Mikiko,伊勢三木子,violin,,,,,,
mikiko-nagatake,Mikiko Nagatake,Nagatake; Mikiko,永武幹子,piano,http://mikikonagatake.com/,,,,https://ameblo.jp/micco762/,
mikio-masuda,Mikio Masuda,Masuda; Mikio,益田幹夫,piano,https://en.wikipedia.org/wiki/Mikio_Masuda,,,,,
milena-casado,Milena Casado,Casado; Milena,ミレナ・カサード,flugelhorn,https://www.milenacasado.com/,,,,,
minori-yagino,Minori Yagino,Yagino; Minori,梛野実,drums,,,,,,
minoru-kato,Minoru Kato,Kato; Minoru,加藤実,piano,http://minoru-k.artist-jp.net/,,,,,
minoru-yoshiki,Minoru Yoshiki,Yoshiki; Minoru,吉木稔,bass,https://yoshikiminoru.com/,,,,,
minyen-hsieh,Minyen Hsieh,Hsieh; Minyen,謝明諺,saxophone,https://soundcloud.com/minyenhsieh,,,,,
misa-sugiyama,Misa Sugiyama,Sugiyama; Misa,杉山未紗,vocal,https://www.misasugiyama.com/,,,,https://ameblo.jp/misasugiyama/,
misa-wakabayashi,Misa Wakabayashi,Wakabayashi; Misa,若林美佐,bass,https://www.misawakabayashi.com/,,,,,
misato-hayashi,Misato Hayashi,Hayashi; Misato,林実里,vocal,http://blog.livedoor.jp/misato_jazz/,,,,,
misato-okumura,Misato Okumura,Okumura; Misato,奥村美里,piano,,,,,,
mitsuaki-furuno,Mitsuaki Furuno,Furuno; Mitsuaki,古野光昭,bass,https://fullnotes.net/,,,,,
mitsuaki-hara,Mitsuaki Hara,Hara; Mitsuaki,原満章,bass,https://jazzshiryokan.net/jazzDB/musician_detail.php?serialNumber=5323,,,,,
mitsuhiro-itagaki,Mitsuhiro Itagaki,Itagaki; Mitsuhiro,板垣光弘,piano,https://itagaki-piano.com/,,,,https://itasunsun.exblog.jp/,
mitsukuni-tanabe,Mitsukuni Tanabe,Tanabe; Mitsukuni,田辺充邦,guitar,http://tanabe-mitsukuni.com/,,,,,
mitsuo-yamamoto,Mitsuo Yamamoto,Yamamoto; Mitsuo,山本光男,piano,,,,,,
mitsuru-tanaka,Mitsuru Tanaka,Tanaka; Mitsuru,田中充,trumpet,https://mitzru.bitfan.id/,,,,,
mitsutaka-uyama,Mitsutaka Uyama,Uyama; Mitsutaka,宇山満隆,drums,,,,,https://h2music.ch/review/%E5%9B%BD%E5%86%85%E3%82%B8%E3%83%A3%E3%82%BA%E3%82%B3%E3%83%B3%E3%83%86%E3%82%B9%E3%83%88%E3%81%A7%E6%95%B0%E3%80%85%E3%81%AE%E5%84%AA%E5%8B%9D%E7%B5%8C%E9%A8%93%E3%82%92%E6%8C%81%E3%81%A4%E3%80%81/,
miwo,MIWO,MIWO,,vocal,https://miwo-jazz.com/,,,,,
miya,Miya,Miya,宝玉宮雪,flute,https://miya-music.com/,,,,,
miyuki-moriya,Miyuki Moriya,Moriya; Miyuki,守谷美由貴,saxophone,https://www.tunecore.co.jp/artists?id=841864,,,,https://ameblo.jp/miyukijazz/,
miyuki-yoshino,Miyuki Yoshino,Yoshino; Miyuki,吉野ミユキ,saxophone,https://gyuchan-jazz.com/,,,,,
momo-mamiya,Momo Mamiya,Mamiya; Momo,麻宮百,vocal,https://ameblo.jp/momo-mamiya/,,,,http://janmei.blog.jp/,
momo-nonami,Momo Nonami,Nonami; Momo,野波桃,piano,,,,,,
momo-otani,Momo Otani,Otani; Momo,大谷桃,piano,https://momootanipf.wixsite.com/momo,,,,,
momoko-aida,Momoko Aida,Aida; Momoko,会田桃子,violin,https://www.instagram.com/aidamomoko/,,,,https://aidamomoko.com/,
momoko-iijima,Momoko Iijima,Iijima; Momoko,飯嶋ももこ,vocal,http://iijimamomoko.com/,,,,https://ameblo.jp/iijimamomoko/,
monet,Monet,Monet,モネ,vocal,,,,,,
morihiro-omura,Morihiro Omura,Omura; Morihiro,大村守弘,bass,,,,,,
motohiko-hino,Motohiko Hino,Hino; Motohiko,日野元彦,drums,https://en.wikipedia.org/wiki/Motohiko_Hino,,,,,
motohiko-ichino,Motohiko Ichino,Ichino; Motohiko,市野元彦,guitar,https://motohikoichino.com/,,,,,
motoi-kanamori,Motoi Kanamori,Kanamori; Motoi,金森もとい,bass,https://ameblo.jp/mottoi-bass/,,,,,
muneyuki-sekiguchi,Muneyuki Sekiguchi,Sekiguchi; Muneyuki,関口宗之,bass,,,,,,
nami-kano,Nami Kano,Kano; Nami,加納奈実,saxophone,https://www.namikano.com/,,,,,
nanami-haruta,Nanami Haruta,Haruta; Nanami,治田七海,trombone,http://www.nanamiharuta.com/,,,,https://ameblo.jp/atomu-08-28/,
nao-sakamoto,Nao Sakamoto,Sakamoto; Nao,坂本直,guitar,,,,,,
nao-takeuchi,Nao Takeuchi,Takeuchi; Nao,竹内直,saxophone,https://takeuchinao.com/,,,,,
nao-teraya,Nao Teraya,Teraya; Nao,寺屋ナオ,guitar,http://www.naoteraya.com/,,,,,
naohiko-amatatsu,Naohiko Amatatsu,Amatatsu; Naohiko,天辰直彦,flute,https://ameblo.jp/naohikoamatatsu/,,,,,
naoki-kitajima,Naoki Kitajima,Kitajima; Naoki,北島直樹,piano,https://naokis-house.com,,,,,
naoki-mitsuoka,Naoki Mitsuoka,Mitsuoka; Naoki,光岡尚紀,bass,https://mitsuokanaoki.com/,,,,,
naoko-akimoto,Naoko Akimoto,Akimoto; Naoko,秋元直子,vocal,https://naokojazz.com,,,,https://www.youtube.com/channel/UCZO06fQ_8S3iL6fXa3Pxiig,
naoko-sakana,Naoko Sakana,Sakana; Naoko,坂野尚子,flute,https://fueninja.com/,,,,,
naoko-sakata,Naoko Sakata,Sakata; Naoko,坂田尚子,piano,https://www.naokosakata.com/,,,,,
naoko-takahashi,Naoko Takahashi,Takahashi; Naoko,高橋奈保子,vocal,https://shijukara.thebase.in/,,,,,
naoko-tanaka,Naoko Tanaka,Tanaka; Naoko,田中菜緒子,piano,http://tanakanaoko.com/,,,,,
naomi-asada,Naomi Asada,Asada; Naomi,浅田尚美,vocal,,,,,,
naomi-kamiyama,Naomi Kamiyama,Kamiyama; Naomi,神山直己,vocal,https://www.instagram.com/naomi.kamiyama_/,,,,,
naomi-komoto,Naomi Komoto,Komoto; Naomi,甲本奈保美,sax,https://naomisax.jimdofree.com/,,,,,
naomi-urushibara,Naomi Urushibara,Urushibara; Naomi,漆原直美,violin,http://naomiurushibara.com/,,,,,
naoto-midorikawa,Naoto Midorikawa,Midorikawa; Naoto,みどりん,drums,https://www.facebook.com/naoto.midorikawa.75,,,,,
naoto-suzuki,Naoto Suzuki,Suzuki; Naoto,鈴木直人,guitar,https://naoto-suzuki.com/,,,,,
naoyuki-seto,Naoyuki Seto,Seto; Naoyuki,瀬戸尚幸,fretless bass,,,,,,
narumi-nozomi,Narumi Nozomi,Nozomi; Narumi,鳴海望美,vocal,https://nozominarumi.com/,,,,https://ameblo.jp/naruminon45,http://blog.livedoor.jp/naruminon/
nasheet-waits,Nasheet Waits,Waits; Nasheet,,drums,https://www.nasheetwaits.com/,,,,,
nat-reeves,Nat Reeves,Reeves; Nat,,bass,https://natreeves.com/,,,,,
natsuki-kurai,Natsuki Kurai,Kurai; Natsuki,倉井夏樹,harmonica,https://natsukikurai.tumblr.com/,,,,,
natsuki-tamura,Natsuki Tamura,Tamura; Natsuki,田村夏樹,trumpet,https://natsukitamura.com/,,,,,
natsuko-matsuyama,Natsuko Matsuyama,Matsuyama; Natsuko,松山夏子,vibraphone,https://ameblo.jp/samakosan/,,,,,
natsumi-itabashi,Natsumi Itabashi,Itabashi; Natsumi,板橋夏美,trombone,https://tbm7ni.wixsite.com/ni-tb,,,,,
nicholas-payton,Nicholas Payton,Payton; Nicholas,,trumpet,https://nicholaspayton.com/,,,,,
niran-dasika,Niran Dasika,Dasika; Niran,ニラン・ダシカ,trumpet,https://www.niran-dasika.com/,,,,,
nobie,Nobie,Nobie,ノビー,vocal,https://nobie.net/,,,,https://nobie.exblog.jp/,
noboru-ando,Noboru Ando,Ando; Noboru,安東昇,bass,https://andy1974.exblog.jp/,,,,,
nobuhiko-yamashita,Nobuhiko Yamashita,Yamashita; Nobuhiko,山下暢彦,drums,,,,,,
nobuko-baal-hanzaka,Nobuko Baal Hanzaka,Hanzaka; Nobuko Baal,バール暢子,vocal,https://ameblo.jp/baal4649/,,Bar Nobuko,,https://www.instagram.com/baalnobuko/,
nobuko-mukai,Nobuko Mukai,Mukai; Nobuko,向井伸子,vocal,https://www.mukainobuko.com/,,Nobuko Kojima,小島伸子,https://blog.goo.ne.jp/qqa96r89k,
nobumasa-tanaka,Nobumasa Tanaka,Tanaka; Nobumasa,田中信正,piano,http://tnobumasa.com/,,,,,
nobumasa-yamada,Nobumasa Yamada,Yamada; Nobumasa,山田ノブマサ,percussion,,,,山田信正,,
nobuo-fujii,Nobuo Fujii,Fujii; Nobuo,藤井信雄,drums,https://fb0272.wixsite.com/fujiinobuo/,,,,,
nobuyuki-komatsu,Nobuyuki Komatsu,Komatsu; Nobuyuki,小松伸之,drums,http://nobuyukikoma2.web.fc2.com/,,,,,
nori-ochiai,Nori Ochiai,Ochiai; Nori,ノリ オチアイ,piano,https://www.youtube.com/channel/UCJgAx3lkFKYjHNZE7jBjpMg,,,,http://noriochiai.blog.jp/,
noriaki-akita,Noriaki Akita,Akita; Noriaki,秋田紀彰,bass,https://jazzshiryokan.net/jazzDB/performer_detail.php?serialNumber=2082,,,,,
noriaki-suko,Noriaki Suko,Suko; Noriaki,須古典明,guitar,https://sukoguitar.exblog.jp/i2,,,,,
norihide-shioda,Norihide Shioda,Shioda; Norihide,塩田哲嗣,bass,https://ameblo.jp/norishio88/,,,,,
norihiko-hibino,Norihiko Hibino,Hibino; Norihiko,日比野則彦,saxophone,https://en.wikipedia.org/wiki/Norihiko_Hibino,,,,,
norihiko-kawakubo,Norihiko Kawakubo,Kawakubo; Norihiko,川久保典彦,piano,https://kawakubo.world/,,,,,
norihito-nagasawa,Norihito Nagasawa,Nagasawa; Norihito,長澤紀仁,guitar,https://jinjinviolao.seesaa.net/,,,,,
norikatsu-koreyasu,Norikatsu Koreyasu,Koreyasu; Norikatsu,是安則克,bass,https://www.discogs.com/artist/1156034-Norikatsu-Koreyasu,,,,,
noriko-kojima,Noriko Kojima,Kojima; Noriko,小島のり子,flute,https://kojinori.com/,,,,,
noriko-kotani,Noriko Kotani,Kotani; Noriko,小谷のりこ,vocal,https://norikokotani.amebaownd.com/,,,,https://ameblo.jp/arethaaretha/,
noriko-satomi,Noriko Satomi,Satomi; Noriko,里見紀子,violin,https://project-nori.wixsite.com/mysite,,,,,
norio-maedo,Norio Maedo,Maedo; Norio,前田憲男,piano,https://ja.wikipedia.org/wiki/%E5%89%8D%E7%94%B0%E6%86%B2%E7%94%B7,,,,,
noritaka-tanaka,Noritaka Tanaka,Tanaka; Noritaka,田中徳崇,drums,https://www.jazz.co.jp/Mus/tanakatokutakashi.html,,,,,
orie-hirayama,Orie Hirayama,Hirayama; Orie,平山織絵,cello,https://cellorincellorin.wixsite.com/mysite-1,,,,http://oriehirayama.blog100.fc2.com/,
orrin-evans,Orrin Evans,Evans; Orrin,,piano,https://orrinevansmusic.com/,,,,,
osamu-hikage,Osamu Hikage,Hikage; Osamu,日景修,bass,,,,,,
osamu-kawakami,Osamu Kawakami,Kawakami; Osamu,河上修,bass,http://mr-double-bass.jpn.org/,,,,,
osamu-mihara,Osamu Mihara,Mihara; Osamu,三原脩,bass,https://mihara-jazz.jimdofree.com/jazz-%E3%83%99%E3%83%BC%E3%82%B9-%E7%A7%91/,,,,,
osamu-soda,Osamu Soda,Soda; Osamu,祖田修,piano,https://osoda.jimdofree.com/,,,,,
otohito-fuse,Otohito Fuse,Fuse; Otohito,布施音人,piano,https://otohitofuse.com/,,,,https://www.otohito-blog.net/,
paolo-orlandi,Paolo Orlandi,Orlandi; Paolo,,drums,https://www.paoloorlandi.com/,,,,,
per-oddvar-johansen,Per Oddvar Johansen,Johansen; Per Oddvar,,drums,https://peroddvar.no/,,,,,
peter-bernstein,Peter Bernstein,Bernstein; Peter,,guitar,https://www.peterbernsteinmusic.com/,,,,,
peter-washington,Peter Washington,Washington; Peter,,bass,https://en.wikipedia.org/wiki/Peter_Washington,,,,,
petter-eldh,Petter Eldh,Eldh; Petter,,bass,https://www.pettereldh.com/,,,,,
phillip-strange,Phillip Strange,Strange; Phillip,,piano,https://phillipstrange.wixsite.com/phillipstrange,,,,,
q-ishikawa,Q Ishikawa,Ishikawa; Q,Ｑ・いしかわ,saxophone,,,,,,
quincy-davis,Quincy Davis,Davis; Quincy,,drums,https://www.quincydavisjazz.com/,,,,,
raiga-hayashi,Raiga Hayashi,Hayashi; Raiga,林頼我,drums,https://raigahayashi.wixsite.com/drums,,,,,
ralph-bowen,Ralph Bowen,Bowen; Ralph,,saxophone,http://www.ralphbowen.com/,,,,,
randy-brecker,Randy Brecker,Brecker; Randy,,trumpet,https://www.randybrecker.com/,,,,,
raon-park,Raon Park,Park; Raon,,vocals,,,,,,
ray-drummond,Ray Drummond,Drummond; Ray,,bass,https://en.wikipedia.org/wiki/Ray_Drummond,,,,,
ray-parker,Ray Parker,Parker; Ray,,bass,,,,,,
raymond-mcmorrin,Raymond McMorrin,McMorrin; Raymond,,saxophone,http://raymondmcmorrin.com/Raymondmcmorrin.com/Home.html,,,,,
reikan-kobayashi,Reikan Kobayashi,Kobayashi; Reikan,小林鈴勘,shakuhachi,https://reikankobayashi.net/,,,,,
reiko-yamamoto,Reiko Yamamoto,Yamamoto; Reiko,山本玲子,vibraphone,http://reikoyamamoto.net/,,,,,
remy-le-boeuf,Remy Le Boeuf,Le Boeuf; Remy,レミー・ル・ブーフ,sax,https://www.remyleboeuf.com/,,,,,
rena-toshimitsu,Rena Toshimitsu,Toshimitsu; Rena,利光玲奈,drums&vocals,https://renatoshimitsu.amebaownd.com/,,,,,
renee-rosnes,Renee Rosnes,Rosnes; Renee,,piano,https://reneerosnes.com/,,,,,
rie-taguchi,Rie Taguchi,Taguchi; Rie,田口理恵,vocal,https://riepihappymusic.wixsite.com/music,,,,,
rikako-suzuki,Rikako Suzuki,Suzuki; Rikako,鈴木梨花子,drums,http://drums-rikako.boo.jp/,,,,,
riko-sasaki,Riko Sasaki,Sasaki; Riko,佐々木梨子,alto saxophone,https://www.instagram.com/riko__sasaki/,,,,,
riku-takahashi,Riku Takahashi,Takahashi; Riku,高橋陸,bass,http://rikubass.com/,,,,,
rio-osawa,Rio Osawa,Osawa; Rio,大澤理央,vocal,https://www.osawario.com/,,,,,
ritsuko-iwayama,Ritsuko Iwayama,Iwayama; Ritsuko,岩山立子,vocal,https://ameblo.jp/jazzestme/,,,,,
ritsuko-mishina,Ritsuko Mishina,Mishina; Ritsuko,三科律子,drums,https://ggjazz.com/drums.html,,,,,
riyoko-takagi,Riyoko Takagi,Takagi; Riyoko,高木里代子,piano,https://instabio.cc/riyoko,,,,https://ameblo.jp/riyokotakagi/,
ro-hasegawa,Ro Hasegawa,Hasegawa; Ro,長谷川朗,sax,https://www.subjazzcafe.com/ro-hasegawa-and-the-music,,,,,
robert-hurst,Robert Hurst,Hurst; Robert,,bass,https://www.roberthurst.com/,,,,,
robin-dupuy,Robin Dupuy,Dupuy; Robin,,cello,https://www.robin-dupuy.com/,,,,,
robinson-morse,Robinson Morse,Morse; Robinson,,bass,https://robinsonmorse.com/,,,,,
rodney-green,Rodney Green,Green; Rodney,,drums,http://rodneygreenjazz.com/,,,,,
rodney-whitaker,Rodney Whitaker,Whitaker; Rodney,,bass,http://www.rodneywhitaker.com/,,,,,
rufus-reid,Rufus Reid,Reid; Rufus,,bass,,,,,,
rui-monma,Rui Monma,Monma; Rui,門馬瑠依,vocal,http://www.monmarui.jp/,,,,,
ruriko-kawamura,Ruriko Kawamura,Kawamura; Ruriko,河村留理子,vocal,https://ameblo.jp/salon-de-lulu/,,,,https://coquelicot-jazz.com/,
ryo-fukui,Ryo Fukui,Fukui; Ryo,福居良,piano,https://en.wikipedia.org/wiki/Ryo_Fukui,,,,,
ryo-noritake,Ryo Noritake,Noritake; Ryo,則武諒,drums,http://www.ryonoritake.com/,,,,,
ryo-ogihara,Ryo Ogihara,Ogihara; Ryo,荻原亮,guitar,https://ryoogihara.jimdofree.com/,,,,http://www.ryoogihara.com/,
ryo-saito,Ryo Saito,Saito; Ryo,斉藤良,drums,https://ryosaito0707.jimdofree.com/,,,,,
ryo-shibata,Ryo Shibata,Shibata; Ryo,柴田亮,drums,https://www.instagram.com/worldpeacenow/,,,,,
ryo-sugimoto,Ryo Sugimoto,Sugimoto; Ryo,杉本亮,guitar,https://lit.link/en/ryosugimoto,,,,,
ryohei-komaki,Ryohei Komaki,Komaki; Ryohei,小牧良平,bass,https://rkomaki.jimdofree.com/,,,,,
ryoichi-yamaki,Ryoichi Yamaki,Yamaki; Ryoichi,八巻綾一,saxophone,https://ryo1yamaki.com/,,,,,
ryoichi-zakota,Ryoichi Zakota,Zakota; Ryoichi,座小田諒一,bass,https://basszakota.exblog.jp/,,,,,
ryoichiro-masuda,Ryoichiro Masuda,Masuda; Ryoichiro,増田涼一郎,guitar,https://ryouichirou.wixsite.com/masuda,,,,,
ryoji-ihara,Ryoji Ihara,Ihara; Ryoji,庵原良司,sax,https://ihararyoji.com/,,,,,
ryoji-orihara,Ryoji Orihara,Orihara; Ryoji,織原良次,fretless bass,https://linktr.ee/ryojiorihara,2,,,https://orioriori.exblog.jp/,https://www.ryojiorihara.com/
ryojiro-furusawa,Ryojiro Furusawa,Furusawa; Ryojiro,古澤良治郎,drums,,,,,,
ryosuke-asai,Ryosuke Asai,Asai; Ryosuke,浅井良将,saxophone,https://saxryosuke.exblog.jp/,,,,,
ryosuke-hashizume,Ryosuke Hashizume,Hashizume; Ryosuke,橋爪亮督,saxophone,http://www.ryohashizume.com/,1,,,http://tactilesounds.blog.fc2.com/,
ryosuke-kano,Ryosuke Kano,Kano; Ryosuke,鹿野亮介,saxophone,https://www.ryosukekano.com/,,,,,
ryosuke-sato,Ryosuke Sato,Sato; Ryosuke,佐藤良輔,viola,,,,,,
ryotaro-shibata,Ryotaro Shibata,Shibata; Ryotaro,柴田亮太郎,guitar,https://ryotaroshibata.com/,,,,,
ryu-kawamura,Ryu Kawamura,Kawamura; Ryu,川村竜,bass,https://www.ryukawamura.com/,,,,,
ryuichi-ishikawa,Ryuichi Ishikawa,Ishikawa; Ryuichi,石川隆一,bass,https://ameblo.jp/ryuichi-ishikawa/,,,,,
ryuichi-takase,Ryuichi Takase,Takase; Ryuichi,高瀬龍一,trumpet,https://jazzshiryokan.net/jazzDB/musician_detail.php?serialNumber=1532,,,,,
ryuichi-yoshida,Ryuichi Yoshida,Yoshida; Ryuichi,吉田隆一,baritone saxophone,http://www.bloc.jp/sincerely_music/,,,,,
ryuichiro-tonozuka,Ryuichiro Tonozuka,Tonozuka; Ryuichiro,土濃塚隆一郎,flugelhorn,https://tonozuka.net/,,,,,
ryutaro-makino,Ryutaro Makino,Makino; Ryutaro,牧野竜太郎,vocal,http://www.ryutaromakino.com/,,,,https://ameblo.jp/ryutaro-makino/,
sachiko-ikuta,Sachiko Ikuta,Ikuta; Sachiko,生田さち子,piano,https://ameblo.jp/sachiko3ikuta/,,,生田さちこ,,
sadanori-nakamure,Sadanori Nakamure,Nakamure; Sadanori,中牟礼貞則,guitar,http://www.aoki2.com/zest/zest.html,,,,,
saki-marys-blood,Saki (Mary’s Blood),Saki (Mary’s Blood),,electric guitar,,,,,,
saki-ozawa,Saki Ozawa,Ozawa; Saki,小沢咲希,piano,https://ozawasaki.com/,,,,,
sanae-ishikawa,Sanae Ishikawa,Ishikawa; Sanae,石川早苗,vocal,http://blog.livedoor.jp/sanny_jazz/,1,,,,
saori-sendo,Saori Sendo,Sendo; Saori,仙道さおり,percussion,http://www.c-a-s-net.co.jp/saoli/,,,,,
saori-yano,Saori Yano,Yano; Saori,矢野沙織,saxophone,https://yanosaori.com/,,,,,
satomi-kawakami,Satomi Kawakami,Kawakami; Satomi,川上さとみ,piano,http://satomikawakami.com/,,,,,
satoshi-aikawa,Satoshi Aikawa,Aikawa; Satoshi,愛川聡,guitar,http://spiritual-rebirth.music.coocan.jp/,,,,,
satoshi-ishikawa,Satoshi Ishikawa,Ishikawa; Satoshi,石川智,drums,https://jazzshiryokan.net/jazzDB/musician_detail.php?serialNumber=2841,,,,,
satoshi-izumi,Satoshi Izumi,Izumi; Satoshi,和泉聡志,guitar,https://izumisatoshi.com/,,,,,
satoshi-kohno,Satoshi Kohno,Kohno; Satoshi,鴻野暁司,bass,,,,,,
satoshi-kosugi,Satoshi Kosugi,Kosugi; Satoshi,小杉敏,bass,http://www7b.biglobe.ne.jp/kosugibass/,,,,,
satoshi-otani,Satoshi Otani,Otani; Satoshi,大谷訓史,bass,https://jazzshiryokan.net/jazzDB/musician_detail.php?recordID=M5325,,,,,
satoshi-sano,Satoshi Sano,Sano; Satoshi,佐野聡,flute,http://satoshi-sano.net/,,,,,
satoshi-takino,Satoshi Takino,Takino; Satoshi,滝野聡,guitar,https://www.jvcmusic.co.jp/-/Artist/A005272.html,,,,,
satoshi-yoshida,Satoshi Yoshida,Yoshida; Satoshi,吉田サトシ,guitar,https://www.satoshiguitar.com/,,,,,
satsuki-kusui,Satsuki Kusui,Kusui; Satsuki,楠井五月,bass,https://satsukionbass.bandcamp.com/album/new-horizons,,,,,
sawa-shiraishi,Sawa Shiraishi,Shiraishi; Sawa,白石さわ,vocal,https://ameblo.jp/sawashiraishi,,,,,
sawori-namekawa,Sawori Namekawa,Namekawa; Sawori,行川さをり,vocal,http://namekawasawori.com/,,,,,
saya-endo,Saya Endo,Endo; Saya,遠藤さや,vocal,http://blog.livedoor.jp/graceful_saya/,,,,,
saya-takagi,Saya Takagi,Takagi; Saya,髙木沙耶,saxophone,https://saya-takagi.jimdosite.com/,,,,,
sayaka-kishi,Sayaka Kishi,Kishi; Sayaka,岸淑香,piano,http://www.sayaketto.net/,1,Sayaketts,,http://sayaketto.blog.jp/,https://note.com/sayaketto/
sayaka-violin,Sayaka (Violin),Sayaka (Violin),,violin,http://www.musica.sayaka-violin.com/,,,,,
scott-reeves,Scott Reeves,Reeves; Scott,,trombone,https://www.creativejazz.com/bio/,,,,,
scott-wendholt,Scott Wendholt,Wendholt; Scott,,trumpet,https://www.scottwendholt.net/,,,,,
sebastiaan-kaptein,Sebastiaan Kaptein,Kaptein; Sebastiaan,,drums,https://canopusdrums.com/en/endorsers/sebastiaan-kaptein/,,,,,
seiji-endo,Seiji Endo,Endo; Seiji,遠藤征志,piano,https://seiji-piano-endo.com/,1,,,https://ameblo.jp/seijiendo9/,
seiji-harakawa,Seiji Harakawa,Harakawa; Seiji,原川誠司,saxophone,https://seijiharakawa.amebaownd.com/,,,,https://ameblo.jp/seijiharakawa/,
seiji-tada,Seiji Tada,Tada; Seiji,多田誠司,saxophone,https://www.tadasei.net/,,,,,
seijun-kanemoto,Seijun Kanemoto,Kanemoto; Seijun,金本聖潤,drums,https://www.threads.net/@seijun_heartbeat,,,,,
setsu-fujii,Setsu Fujii,Fujii; Setsu,藤井摂,drums,https://www.setsufujii.com/,,,,,
sguru-miyaji,Sguru Miyaji,Miyaji; Sguru,宮地スグル,saxophone,http://www7b.biglobe.ne.jp/~noizz/,,,,https://blog.goo.ne.jp/noizz382,
shawna-yang,Shawna Yang,Yang; Shawna,,saxophone,https://antiguawinds.com/artists/shawna-yang/,,,,,
shigeharu-mukai,Shigeharu Mukai,Mukai; Shigeharu,向井滋春,trombone,http://s-mukai.com/,,,,,
shigehito-kawamura,Shigehito Kawamura,Kawamura; Shigehito,川村成史,drums,,,,,,
shigeo-fukuda,Shigeo Fukuda,Fukuda; Shigeo,福田重男,piano,https://shigeofukuda.com/,,,,,
shigeru-kawashima,Shigeru Kawashima,Kawashima; Shigeru,川島茂,piano,https://www4.hp-ez.com/hp/kawashima-jazz-piano/page10,,,,,
shigeru-morishita,Shigeru Morishita,Morishita; Shigeru,森下滋,piano,http://gerushi.com/,,,,,
shigetaka-ikemoto,Shigetaka Ikemoto,Ikemoto; Shigetaka,池本茂貴,trombone,https://shigetakaikemotoofficial.studio.site/,,,,,
shikou-ito,Shikou Ito,Ito; Shikou,伊藤志宏,piano,https://www.shikoupf.com/,,,,,
shin-ichiro-mochitsuki,Shin-ichiro Mochizuki,Mochizuki; Shin-ichiro,望月慎一郎,piano,https://shin-ichiromochizuki.blogspot.com/,,,,,
shin-kamimura,Shin Kamimura,Kamimura; Shin,上村信,bass,http://kamimurashinbass.g2.xrea.com/,,,,,
shingo-okudaira,Shingo Okudaira,Okudaira; Shingo,奥平慎吾,drums,http://www.pit-inn.com/okudaira/,,,,,
shingo-tanaka,Shingo Tanaka,Tanaka; Shingo,田中晋吾,bass,,,,,,
shinichi-kato,Shinichi Kato,Kato; Shinichi,加藤真一,bass,https://katoshinichi.net/,,,,,
shinichi-sato,Shinichi Sato,Sato; Shinichi,佐藤慎一,bass,http://www.shinichibass.com/,,,,,
shinichiro-kamoto,Shinichiro Kamoto,Kamoto; Shinichiro,嘉本信一郎,drums,http://shinkoman.web.fc2.com/,,,,,
shinji-hashimoto,Shinji Hashimoto,Hashimoto; Shinji,橋本信二,guitar,https://session67.jp/interview/05/,,,,,
shinji-miyazaki,Shinji Miyazaki,Miyazaki; Shinji,宮崎真司,guitar,https://shinjimiyazaki.com/,,,,,
shinnosuke-takahashi,Shinnosuke Takahashi,Takahashi; Shinnosuke,高橋信之介,drums,,,,,,
shinobu-ishizaki,Shinobu Ishizaki,Ishizaki; Shinobu,石崎忍,saxophone,https://shinobu-ishizaki.tumblr.com/,,,,,
shinobu-kawahara,Shinobu Kawahara,Kawahara; Shinobu,河原志信,piano,http://www.jazzp.com/,,,,,
shinobu-sato,Shinobu Sato,Sato; Shinobu,佐藤忍,bass,,,,,,
shinpei-hosono,Shinpei Hosono,Hosono; Shinpei,細野慎平,bass,,,,,,
shinpei-inoue,Shinpei Inoue,Inoue; Shinpei,井上信平,flute,https://www.facebook.com/shinpeiworld/,,,,,
shinpei-ogawa,Shinpei Ogawa,Ogawa; Shinpei,小川晋平,bass,https://basshipogw.wixsite.com/shimpeiogawa,,,,https://ja.wikipedia.org/wiki/%E5%B0%8F%E5%B7%9D%E6%99%8B%E5%B9%B3,
shinpei-ruike,Shinpei Ruike,Ruike; Shinpei,類家心平,trumpet,https://ruikeshinpei.com/,,,,,
shintaro-hanada,Shintaro Hanada,Hanada; Shintaro,花田進太郎,guitar,https://hanada-guitar.jp,,,,,
shinya-arasuna,Shinya Arasuna,Arasuna; Shinya,荒砂真也,guitar,http://lavion.main.jp/,,,,,
shinya-fukumori,Shinya Fukumori,Fukumori; Shinya,福盛進也,drums,https://www.shinyafukumori.com/,,,,,
shinya-nitta,Shinya Nitta,Nitta; Shinya,仁田真也,vocal,,,,,,
sho-okumura,Sho Okumura,Okumura; Sho,奥村晶,trumpet,,,,,,
sho-takahashi,Sho Takahashi,Takahashi; Sho,高橋将,electric bass,https://s12bluegreen.wixsite.com/s12eb,,,,,
shogo-hamada,Shogo Hamada,Hamada; Shogo,濱田省吾,drums,https://ameblo.jp/hamasho1212,,,,,
shohei-nishimura,Shohei Nishimura,Nishimura; Shohei,西村匠平,drums,https://shouheinishimuradr.wixsite.com/showhey,,,,https://ameblo.jp/shohei-drum/,
shoko-mochiyama,Shoko Mochiyama,Mochiyama; Shoko,持山翔子,piano,https://ameblo.jp/shoko-mochiyama/,,,,,
shota-shunputei,Shota Shunputei,Shunputei; Shota,春風亭昇太,trombone,https://shunputei-shota.com/,,,,,
show-kudo,Show Kudo,Kudo; Show,工藤精,bass,https://showgun65.exblog.jp/,,,,,
shu-akimoto,Shu Akimoto,Akimoto; Shu,秋元修,drums,https://akimoto-shu.jimdosite.com/,,,,,
shu-kanematsu,Shu Kanematsu,Kanematsu; Shu,兼松衆,piano,https://www.nichionsakka.com/shu-kanematsu,,,,,
shuhei-hosoka,Shuhei Hosoka,Hosoka; Shuhei,保坂修平,piano,https://ameblo.jp/shuheihosaka/,,,,,
shuichi-ponta-murakami,Shuichi “Ponta” Murakami,Murakami; Shuichi “Ponta”,村上“ポンタ”秀一,drums,http://www.ponta.club/,,,,,
shuji-morita,Shuji Morita,Morita; Shuji,森田修史,saxophone,https://shujimorita.official.jp/,,,,,
shun-ishiwaka,Shun Ishiwaka,Ishiwaka; Shun,石若駿,drums,http://www.shun-ishiwaka.com/,,,,,
shunichi-yanagi,Shunichi Yanagi,Yanagi; Shunichi,柳隼一,piano,https://shunichiyanagi.web.fc2.com/,,Syunichi Yanagi,,,
shunji-takenaka,Shunji Takenaka,Takenaka; Shunji,竹中俊二,guitar,https://profile.ameba.jp/ameba/hanazo555/,,,,,
shunosuke-ishikawa,Shunosuke Ishikawa,Ishikawa; Shunosuke,石川周之介,saxophone,http://shunosuke.com/,,,,,
shunsuke-umino,Shunsuke Umino,Umino; Shunsuke,海野俊輔,drums,http://www.bfjazz.com/instructors/24/,,,,,
shunya-wakai,Shunya Wakai,Wakai; Shunya,若井俊也,bass,https://ameblo.jp/wakai0515/,,,,,
simon-goubert,Simon Goubert,Goubert; Simon,,drums,https://simongoubert.bandcamp.com/,,,,,
slide-hampton,Slide Hampton,Hampton; Slide,,trombone,https://en.wikipedia.org/wiki/Slide_Hampton,,,,,
sohnosuke-imaizumi,Sohnosuke Imaizumi,Imaizumi; Sohnosuke,今泉総之輔,drums,http://www.imaizumisohnosuke.com/,,,,https://ameblo.jp/sosodrums/,
soichi-noriki,Soichi Noriki,Noriki; Soichi,野力奏一,piano,http://noriki-studio.sub.jp/noriki-family/%E9%87%8E%E5%8A%9B-%E5%A5%8F%E4%B8%80%EF%BC%88%E3%81%AE%E3%82%8A%E3%81%8D-%E3%81%9D%E3%81%86%E3%81%84%E3%81%A1%EF%BC%89/,,,,,
sora-ichikawa,Sora Ichikawa,Ichikawa; Sora,市川空,piano,https://chikainokotoba.wixsite.com/soraichikawa,,,,,
soren-dahl-jeppesen,Soren Dahl Jeppesen,Jeppesen; Soren Dahl,,guitar,,,,,,
sota-kira,Sota Kira,Kira; Sota,吉良創太,drums,https://kirasota.jimdofree.com/,,,,,
sota-seta,Sota Seta,Seta; Sota,瀬田創太,piano,https://sota818.wixsite.com/music,,,,,
steve-barry,Steve Barry,Barry; Steve,,piano,https://www.stevebarrymusic.com/,,,,,
steve-fishwick,Steve Fishwick,Fishwick; Steve,,trumpet,,,,,,
sumire-kuribayashi,Sumire Kuribayashi,Kuribayashi; Sumire,栗林すみれ,piano,https://sumirekuribayashi.tumblr.com/,,,,https://ameblo.jp/sumire-420/,
sumito-oi,Sumito Oi,Oi; Sumito,大井澄東,drums,https://www.sumitooi.com/,,Sumitty,,,
suomi-morishita,Suomi Morishita,Morishita; Suomi,森下周央彌,guitar,https://www.suomi-morishita.com/,,,,,
svein-olav-herstad,Svein Olav Herstad,Herstad; Svein Olav,,piano,https://en.wikipedia.org/wiki/Svein_Olav_Herstad,,,,,
tabu-zombie,Tabu Zombie,Tabu; Zombie,タブゾンビ,trumpet,,,,椨智紹,,
tadahiro-fusahara,Tadahiro Fusahara,Fusahara; Tadahiro,房原忠弘,trumpet,https://fusahara.jimdofree.com/,,,,,
tadashi-saze,Tadashi Saze,Saze; Tadashi,佐瀬正,bass,http://www.tadashi-saze.com/,,,,,
taeko-kurita,Taeko Kurita,Kurita; Taeko,栗田妙子,piano,https://kuritataeko.jimdofree.com/,,,,,
taichi-minagawa,Taichi Minagawa,Minagawa; Taichi,皆川太一,guitar,http://taichiminagawa.com/,,,,,
taichiro-kawasaki,Taichiro Kawasaki,Kawasaki; Taichiro,川崎太一朗,trumpet,https://taichirokawasaki.com/,,,,,
taihei-asakawa,Taihei Asakawa,Asakawa; Taihei,浅川太平,piano,https://taiheiasakawa.wixsite.com/piano,,,,,
taiichi-kamimura,Taiichi Kamimura,Kamimura; Taiichi,かみむら泰一,saxophone,http://www.taisax.jeez.jp/,,,,,
taikou-kikuchi,Taikou Kikuchi,Kikuchi; Taikou,菊池太光,piano,https://jazzpiano.hanabie.com/,,Taiko Kikuchi,,http://kikuchitaikou100.blog.fc2.com/,
taisei-aoki,Taisei Aoki,Aoki; Taisei,青木タイセイ,trombone,https://taisei1231.wixsite.com/taiseiaoki,,,,,
taishi-sakurai,Taishi Sakurai,Sakurai; Taishi,桜井大士,violin,https://www.mori-music.com/elcielo2020/profile/#sakurai,,,,,
takaaki-otomo,Takaaki Otomo,Otomo; Takaaki,大友孝彰,piano,http://www.takaakiotomo.com/,,,,,
takahiko-goto,Takahiko Goto,Goto; Takahiko,ごとうたかひこ,vocal,,,,,,
takahiro-miyazaki,Takahiro Miyazaki,Miyazaki; Takahiro,宮崎隆睦,saxophone,https://miyazaki-sax.com/,,,,,
takahiro-nawashiro,Takahiro Nawashiro,Nawashiro; Takahiro,苗代尚寬,guitar,https://takahironawashiro0.wixsite.com/website,,,,,
takahiro-sakamoto,Takahiro Sakamoto,Sakamoto; Takahiro,坂本貴啓,drums accordion,https://sakamototakahirodrumacc.amebaownd.com/,,,,,
takahiro-yuki,Takahiro Yuki,Yuki; Takahiro,結城貴弘,cello,,,,,,
takako-yamada,Takako Yamada,Yamada; Takako,山田貴子,piano,https://takakoyamada.amebaownd.com/,,,,https://ameblo.jp/takakopno,
takanori-maehara,Takanori Maehara,Maehara; Takanori,前原孝紀,guitar,,,,,,
takanori-suzuki,Takanori Suzuki,Suzuki; Takanori,鈴木孝紀,clarinet,https://www.takanorisuzuki.net/,,,,,
takao-uematsu,Takao Uematsu,Uematsu; Takao,植松孝夫,saxophone,,,,,,
takashi-amano,Takashi Amano,Amano; Takashi,天野丘,guitar,https://blog.goo.ne.jp/amaqguitar,,,,,
takashi-saito,Takashi Saito,Saito; Takashi,齋藤たかし,drums,https://staxiverhp.wixsite.com/takashisaito,,,,,
takashi-sugawa,Takashi Sugawa,Sugawa; Takashi,須川崇志,bass,https://www.tsgw.net/,,,,,
takashi-sugawara,Takashi Sugawara,Sugawara; Takashi,菅原高志,drums,http://weesugaweesug.jugem.jp/,,,,,
takayoshi-baba,Takayoshi Baba,Baba; Takayoshi,馬場孝喜,guitar,https://babaviolao.wixsite.com/babatakayoshi,,,,,
takayuki-sato,Takayuki Sato,Sato; Takayuki,佐藤敬幸,saxophone,https://takayukisatooo.amebaownd.com/,,,,,
takayuki-yagi,Takayuki Yagi,Yagi; Takayuki,八木隆幸,piano,https://yagitakayuki.com/,,,,,
takefumi-shirasa,Takefumi Shirasa,Shirasa; Takefumi,白佐武史,cello,https://www.shirasatakefumi.com/,,,,,
takehiro-shimizu,Takehiro Shimizu,Shimizu; Takehiro,清水勇博,drums,https://www.mindbodyunison.com/,,,,https://canopusdrums.com/jp/endorser-j/shimizu_takehiro/,
takenori-sawaki,Takenori Sawaki,Sawaki; Takenori,佐脇武則,saxophone,,,,,,
takeru-yamazaki,Takeru Yamazaki,Yamazaki; Takeru,ヤマザキタケル,keyboard,http://yamazakitkr.com/,,,,http://yamazakitkr.com/TakeruYamazakisWebsite/Welcome.html,
takeshi-inomata,Takeshi Inomata,Inomata; Takeshi,猪俣猛,drums,https://ja.wikipedia.org/wiki/%E7%8C%AA%E4%BF%A3%E7%8C%9B,,,,,
takeshi-obana,Takeshi Obana,Obana; Takeshi,尾花毅,guitar,https://www.obana7cordas.com/,,,,,
takeshi-sakamoto,Takeshi Sakamoto,Sakamoto; Takeshi,坂本健志,drums,https://www.facebook.com/takeshidrums/,,,,,
takeshi-shibuya,Takeshi Shibuya,Shibuya; Takeshi,渋谷毅,piano,http://4carco.net/blog/,,,,,
taku-akiyama,Taku Akiyama,Akiyama; Taku,秋山卓,saxophone,http://jmsu.web.fc2.com/taku/,,,,,
takuji-yamada,Takuji Yamada,Yamada; Takuji,山田拓児,saxophone,https://www.takujiyamada.com/,,,,https://takujazz.blogspot.com/,https://uoumusic.com/
takumi-awaya,Takumi Awaya,Awaya; Takumi,粟谷巧,bass,https://www.tunecore.co.jp/artists?id=447933&lang=en,,,,https://www.takumiawaya.com/,
takumi-nakayama,Takumi Nakayama,Nakayama; Takumi,中山拓海,saxophone,https://www.takuminakayama.com/,,,,,
takumi-seino,Takumi Seino,Seino; Takumi,清野拓巳,guitar,http://www.takumiseino.com/,,,,,
takuya-kuroda,Takuya Kuroda,Kuroda; Takuya,黒田卓也,trumpet,https://www.takuyakuroda.com/,,,,,
takuya-ozaki,Takuya Ozaki,Ozaki; Takuya,尾崎琢也,piano,https://t-quartz.art/,,,,https://t-quartz.jimdofree.com/,
takuya-sakazaki,Takuya Sakazaki,Sakazaki; Takuya,坂崎拓也,bass,https://jazzshiryokan.net/jazzDB/musician_detail.php?serialNumber=1791,,,,,
tamako-yashima,Tamako Yashima,Yashima; Tamako,八島珠子,cello,,,,,,
tamashi-goto,Tamashi Goto,Goto; Tamashi,後藤魂,piano,https://ameblo.jp/jazzsoul-tamapi/,,,,,
tamaya-honda,Tamaya Honda,Honda; Tamaya,本田珠也,drums,http://tamayahonda.blogspot.com/,,,,https://tamayahonda.thebase.in/,
taro-sukegawa,Taro Sukegawa,Sukegawa; Taro,助川太郎,guitar,http://www.tarosukegawa.jp/,,,,,
tatsuhiko-takeda,Tatsuhiko Takeda,Takeda; Tatsuhiko,竹田達彦,drums,,,,,,
tatsuji-yokoyama,Tatsuji Yokoyama,Yokoyama; Tatsuji,横山達治,percussion,https://ameblo.jp/percussiontatsuji/,,,,,
tatsuya-hashimoto,Tatsuya Hashimoto,Hashimoto; Tatsuya,橋本達哉,drums,http://www.bloc.jp/hasshan/,,,,,
tatsuya-sato,Tatsuya Sato,Sato; Tatsuya,佐藤達哉,saxophone,https://tatsuyasato.com/,,,,,
tatsuya-takahashi,Tatsuya Takahashi,Takahashi; Tatsuya,高橋達也,saxophone,https://ja.wikipedia.org/wiki/%E9%AB%98%E6%A9%8B%E9%81%94%E4%B9%9F,,,,,
tatsuya-tsuyuki,Tatsuya Tsuyuki,Tsuyuki; Tatsuya,露木達也,guitar,http://www.tatsuya-tsuyuki.com/,,,,,
teiji-taguchi,Teiji Taguchi,Taguchi; Teiji,田口悌治,guitar,https://tag-gtr.wixsite.com/home,,,,,
teriver-cheung,Teriver Cheung,Cheung; Teriver,,guitar,https://www.instagram.com/terivercheung/,,,,,
terumasa-hino,Terumasa Hino,Hino; Terumasa,日野皓正,trumpet,https://www.terumasahino.com/,,,,,
terumasa-nishikawa,Terumasa Nishikawa,Nishikawa; Terumasa,西川輝正,bass,,,,,,
tetsu-saitoh,Tetsuo Saitoh,Saitoh; Tetsuo,齋藤徹,contrabass,,,,,,
tetsuji-yoshida,Tetsuji Yoshida,Yoshida; Tetsuji,吉田哲治,trumpet,https://yoshidamusic.amebaownd.com/,,,,https://yoshidamusic.thebase.in/,
tetsunori-morinaga,Tetsunori Morinaga,Morinaga; Tetsunori,森永哲則,drums,https://www.morinagatetsunori.com/,,,,,
tetsuo-koizumi,Tetsuo Koizumi,Koizumi; Tetsuo,小泉哲夫,bass,,,,,,
tetsuro-aratama,Tetsuro Aratama,Aratama; Tetsuro,荒玉哲郎,bass,http://www.rocketz.co.jp/aratama/,,,,,
tetsuro-kawashima,Tetsuro Kawashima,Kawashima; Tetsuro,川嶋哲郎,sax,https://tetsurokawashima.com/,,,,,
tetsutaro-kude,Tetsutaro Kude,Kude; Tetsutaro,公手徹太郎,drums,http://tetta.cocolog-nifty.com,,,,,
tetsuya-hayakawa,Tetsuya Hayakawa,Hayakawa; Tetsuya,早川哲也,bass,,,,,,
tetsuya-kanmuri,Tetsuya Kanmuri,Kanmuri; Tetsuya,冠徹弥,vocal,http://thekanmuri.jp/,,,,,
tetsuya-kuwayama,Tetsuya Kuwayama,Kuwayama; Tetsuya,桑山哲也,accordion,,,,,,
tetsuyuki-kishi,Tetsuyuki Kishi,Kishi; Tetsuyuki,岸徹至,bass,https://shijukara.thebase.in/,,,,,
tetsuyuki-miya,Tetsuyuki Miya,Miya; Tetsuyuki,宮哲之,saxophone,https://ameblo.jp/miya-music/,,,,,
tohohiko-kato,Tomohiko Kato,Kato; Tomohiko,加藤友彦,piano,https://www.facebook.com/anglosaxonkato,,,,,
tokuhiro-doi,Tokuhiro Doi,Doi; Tokuhiro,土井徳浩,clarinet,https://www.doitoku.com/,,,,,
tommy-campbell,Tommy Campbell,Campbell; Tommy,,drums,https://tommycampbell.com/,,,,,
tommy-morota,Tommy Morota,Morota; Tommy,諸田富男,drums,http://jazz.cside.com/tommy-morota/,,,,,
tomo-kanno,Tomo Kanno,Kanno; Tomo,菅野知明,drums,https://www.tomogorilladrums.com/,,,,,
tomohide-hinugasa,Tomohide Hinugasa,Hinugasa; Tomohide,衣笠智英,drums,http://tomohide-kinugasa.com/,,,,,
tomohiro-higashikinjou,Tomohiro Higashikinjou,Higashikinjou; Tomohiro,東金城友洋,saxophone,https://talkintalkin.amebaownd.com/,,,,,
tomohiro-ota,Tomohiro Ota,Ota; Tomohiro,大田智洋,drums,,,,,,
tomohiro-yahiro,Tomohiro Yahiro,Yahiro; Tomohiro,ヤヒロトモヒロ,percussion,https://www.tomohiroyahiro.com/,,,,,
tomohisa-suzuki,Tomohisa Suzuki,Suzuki; Tomohisa,スズキトモヒサ,percussion,https://www.soopydrums.com/,,,,,
tomoka-miwa,Tomoka Miwa,Miwa; Tomoka,三輪知可,vocal,https://www.miwatomoka.com/,,,,https://ameblo.jp/miwatomoka/,
tomokazu-sugimoto,Tomokazu Sugimoto,Sugimoto; Tomokazu,杉本智和,bass,http://bassist.s7.xrea.com/p/index.htm,,,,,
tomoki-takahashi,Tomoki Takahashi,Takahashi; Tomoki,高橋知己,saxophone,http://www7a.biglobe.ne.jp/~tomokey/,,,,,
tomoko-abe,Tomoko Abe,Abe; Tomoko,阿部智子,vocal,https://www.tomokojazz.net/,,,,https://www.youtube.com/channel/UCMl41JHI-00ZWoBsOG-S3aw,
tomoko-yoshino,Tomoko Yoshino,Yoshino; Tomoko,吉野智子,vibraphone,https://www.tomokoyoshino.com/,,,,,
tomomi-imaoka,Tomomi Imaoka,Imaoka; Tomomi,今岡友美,vocal,http://tomomi-i.com/,,,,,
tomomi-oda,Tomomi Oda,Oda; Tomomi,小田朋美,vocal,https://www.odatomomi.com/,,,,,
tomomi-sasaki,Tomomi Sasaki,Sasaki; Tomomi,佐々木朝美,vocal,https://forestomori.wixsite.com/music,,Momo,,http://momosasaki.jugem.jp/,
tomonao-hara,Tomonao Hara,Hara; Tomonao,原朋直,trumpet,https://tomonaohara.com/,,,,,
tomoyuki-konno,Tomoyuki Konno,Konno; Tomoyuki,紺野智之,drums,http://tomoyukikonno.blogspot.com/,,,,,
tomoyuki-okabe,Tomoyuki Okabe,Okabe; Tomoyuki,岡部朋幸,drums,https://tomookabe.exblog.jp/,,,,,
tomoyuki-shima,Tomoyuki Shima,Shima; Tomoyuki,嶋友行,bass,https://jazzshiryokan.net/jazzDB/musician_detail.php?serialNumber=3782,,,,,
toninho-horta,Toninho Horta,Horta; Toninho,,guitar,http://www.toninhohorta.com.br/,,,,,
toru-dodo,Toru Dodo,Dodo; Toru,百々徹,piano,http://torudodo.com/,,,,,
toru-nishijima,Toru Nishijima,Nishijima; Toru,西嶋徹,bass,https://toru-cb.com/,,,,,
toru-takahashi,Toru Takahashi,Takahashi; Toru,高橋徹,drums,http://torutakahashi.com/,,,,,
toshihiko-inoue,Toshihiko Inoue,Inoue; Toshihiko,井上淑彦,saxophone,http://www.inouetoshihiko.com/,,,,,
toshihiko-kohno,Toshihiko Kohno,Kohno; Toshihiko,紅野智彦,piano,https://www.ne.jp/asahi/beni/toshi/,,,,,
toshihiro-nakanishi,Toshihiro Nakanishi,Nakanishi; Toshihiro,中西俊博,violin,http://couleur.bz/,,,,,
toshihisa-nagami,Toshihisa Nagami,Nagami; Toshihisa,永見寿久,bass,https://nagami-toshihisa.jimdofree.com/,,,,,
toshiki-abe,Toshiki Abe,Abe; Toshiki,阿部俊貴,saxophone,https://www.toshikiabesax.com/,,,,,
toshiki-nunokawa,Toshiki Nunokawa,Nunokawa; Toshiki,布川俊樹,guitar,https://toshikinunokawa.jimdofree.com/,,,,,
toshiko-akiyoshi,Toshiko Akiyoshi,Akiyoshi; Toshiko,穐吉敏子,piano,https://en.wikipedia.org/wiki/Toshiko_Akiyoshi,,,秋吉敏子,,
toshio-miki,Toshio Miki,Miki; Toshio,三木俊雄,saxophone,http://mikitoshio.com/,,,,,
toshio-nakajima,Toshio Nakajima,Nakajima; Toshio,中嶋俊夫,drums,,,,,,
toshio-osumi,Toshio Osumi,Osumi; Toshio,大隅寿男,drums,,,,,,
toshitaka-shibata,Toshitaka Shibata,Shibata; Toshitaka,柴田敏孝,piano,https://www.toshitaka-shibata.com/,,,,,
toyomi-kobayashi,Toyomi Kobayashi,Kobayashi; Toyomi,小林豊美,flute,https://toyomikobayashi.theblog.me/,,,,,
tsutomu-kawauchi,Tsutomu Kawauchi,Kawauchi; Tsutomu,川内努,drums,https://jazzshiryokan.net/jazzDB/musician_detail.php?serialNumber=5324,,,,,
tsutomu-okada,Tsutomu Okada,Okada; Tsutomu,岡田勉,bass,http://www.ben-okada.com/,,,,,
tsutomu-takei,Tsutomu Takei,Takei; Tsutomu,武井努,saxophone,https://tsutomutakei.jp/,,,,,
tsuyoshi-komori,Tsuyoshi Komori,Komori; Tsuyoshi,小森剛,vocal,https://komoritsuyoshi.tumblr.com/,,,,,
tsuyoshi-yamamoto,Tsuyoshi Yamamoto,Yamamoto; Tsuyoshi,山本剛,piano,https://www.tsuyoshi-yamamoto.com/,,,,,
ui,UI,UI,うい,clarinet,https://ameblo.jp/clary-girlyui/,,,,https://www.facebook.com/UI516/,
umi-ogimi,Umi Ogimi,Ogimi; Umi,大儀見海,drums,https://soundcloud.com/umz-ogm,,,,,
vicente-archer,Vicente Archer,Archer; Vicente,,bass,https://en.wikipedia.org/wiki/Vicente_Archer,,,,,
victor-lewis,Victor Lewis,Lewis; Victor,,drums,https://en.wikipedia.org/wiki/Victor_Lewis,,,,http://victorlewisondrums.com/,
walter-lang,Walter Lang,Lang; Walter,,piano,https://www.discogs.com/de/artist/2711058,,,,,
wataru-hamasaki,Wataru Hamasaki,Hamasaki; Wataru,浜崎航,saxophone,http://www.watarujazz.com,,,,,
wayne-escoffery,Wayne Escoffery,Escoffery; Wayne,,saxophone,,,,,,
xavier-perez,Xavier Perez,Perez; Xavier,,saxophone,https://www.allaboutjazz.com/musicians/xavier-perez,,,,,
yago-vzquez,Yago Vázquez,Vázquez; Yago,,piano,https://yagovazquez.com/,,,,,
yako-horikita,Yako Horikita,Horikita; Yako,堀北やこ,vocal,https://yakohorikita.amebaownd.com/,,,,,
yasue-suzuki,Yasue Suzuki,Suzuki; Yasue,鈴木康恵,flute,https://www.yasue.net/,,,,,
yasuhiko-hachi-sato,Yasuhiko “Hachi” Sato,Sato; Yasuhiko “Hachi”,佐藤“ハチ”恭彦,bass,https://jazzshiryokan.net/jazzDB/musician_detail.php?serialNumber=1681,,,,,
yasuhiro-hasegawa,Yasuhiro Hasegawa,Hasegawa; Yasuhiro,長谷川泰弘,bass,,,,,,
yasuhiro-matsuda,Yasuhiro Matsuda,Matsuda; Yasuhiro,松田靖弘,saxophone,https://www.alsoj.net/sax/artist/view/1055/%E6%9D%BE%E7%94%B0%E9%9D%96%E5%BC%98.html,,,,,
yasuhiro-yoshigaki,Yasuhiro Yoshigaki,Yoshigaki; Yasuhiro,芳垣安洋,percussion,,,,,,
yasuki-sogabe,Yasuki Sogabe,Sogabe; Yasuki,曽我部泰紀,saxophone,https://yasukisogabe.amebaownd.com/,,,,,
yasuko-nakatani,Yasuko Nakatani,Nakatani; Yasuko,中谷泰子,vocal,,,,,,
yasumasa-kumagai,Yasumasa Kumagai,Kumagai; Yasumasa,熊谷ヤスマサ,piano,https://yasumasakumagai.com/,1,,,https://ameblo.jp/yasumasakumagai823/,
yasuo-nishimoto,Yasuo Nishimoto,Nishimoto; Yasuo,西本康朗,saxophone,https://yasuo-nishimoto.amebaownd.com/,,,,,
yasushi-fukumori,Yasushi Fukumori,Fukumori; Yasushi,福森康,drums,https://ameblo.jp/su-shi84/,,,,https://www.instagram.com/84.yasushi/,
yasushi-gonjyo,Yasushi Gonjyo,Gonjyo; Yasushi,権上康志,bass,,,,,,
yasushi-nakamura,Yasushi Nakamura,Nakamura; Yasushi,中村恭士,bass,https://www.yasushinakamurabass.com/,,,,,
yasushi-yoneki,Yasushi Yoneki,Yoneki; Yasushi,米木康志,bass,,,,,,
yasutaka-yorozu,Yasutaka Yorozu,Yorozu; Yasutaka,萬恭隆,bass,http://yasutakayorozu.blog.fc2.com/,,,,,
yohei-saito,Yohei Saito,Saito; Yohei,斎藤洋平,drums,https://jazzshiryokan.net/jazzDB/musician_detail.php?serialNumber=1770,,,,,
yohei-tanaka,Yohei Tanaka,Tanaka; Yohei,田中洋平,bass,https://jazzshiryokan.net/jazzDB/musician_detail.php?serialNumber=14647,,,,,
yohhei,Yohhei,Yohhei,ようへい,vocal,,,,,,
yoichi-kobayashi,Yoichi Kobayashi,Kobayashi; Yoichi,小林陽一,drums,https://monkykoba.wixsite.com/jjmproject,,,,,
yoichi-okabe,Yoichi Okabe,Okabe; Yoichi,岡部洋一,percussion,https://okabeyoichi.com/,,,,,
yoichi-suzuki,Yoichi Suzuki,Suzuki; Yoichi,鈴木洋一,guitar,https://yoichijazz.com/,,,,,
yoko-fukumoto,Yoko Fukumoto,Fukumoto; Yoko,福本陽子,saxophone,https://ameblo.jp/yoyoyo-koko/,,,,,
yoko-kobayashi,Yoko Kobayashi,Kobayashi; Yoko,小林洋子,piano,https://www.piano-yokokobayashi-jazz.com/,,,,,
yoshi-waki,Yoshi Waki,Waki; Yoshi,脇義典,bass,https://yoshiwaki.net/,,Yoshinori Waki,,,
yoshiaki-masuo,Yoshiaki Masuo,Masuo; Yoshiaki,増尾好秋,guitar,http://www.ymasuo.com/,,,,,
yoshiaki-sato,Yoshiaki Sato,Sato; Yoshiaki,佐藤芳明,accordion,https://accsssaaatttooo.wixsite.com/yyysssaaatttooo,,,,,
yoshifumi-nihonmatsu,Yoshifumi Nihonmatsu,Nihonmatsu; Yoshifumi,二本松義史,drums,https://nihonmatsu.blog.ss-blog.jp/,,,,,
yoshihiko-naya,Yoshihiko Naya,Naya; Yoshihiko,納谷嘉彦,piano,https://naya0327goma-piano6.wixsite.com/website,,,,,
yoshihiro-nakagawa,Yoshihiro Nakagawa,Nakagawa; Yoshihiro,中川喜博,drums,,,,,,
yoshihiro-tokiyasu,Yoshihiro Tokiyasu,Tokiyasu; Yoshihiro,時安吉宏,bass,,,,,,
yoshihisa-suzuki,Yoshihisa Suzuki,Suzuki; Yoshihisa,鈴木よしひさ,guitar polyperformance,https://www.yoshihisa-suzuki.com/,,,,,
yoshihito-eto,Yoshihito Eto,Eto; Yoshihito,江藤良人,drums,http://eto.mockhillrecords.com/,,,,,
yoshihito-p-koizumi,Yoshihito “P” Koizumi,Koizumi; Yoshihito “P”,小泉P克人,bass,https://www.yoshihitopkoizumi.com/,,,,,
yoshiki-yamada,Yoshiki Yamada,Yamada; Yoshiki,山田吉輝,bass,https://www.yoshikiyamada.com/,,,,,
yoshiko-saita,Yoshiko Saita,Saita; Yoshiko,斉田佳子,vocal,http://saita-saita.net/,,,,,
yoshimasa-otsuka,Yoshimasa Otsuka,Otsuka; Yoshimasa,大塚義将,bass,https://ameblo.jp/otsukabass/,,,,https://yoshimasaotsuka.tk/,
yoshimi-kamiya,Yoshimi Kamiya,Kamiya; Yoshimi,神谷好美,vocal,https://ameblo.jp/yoshimi-musik/,,Yoshimi Hirobe,廣部好美,https://www.youtube.com/channel/UCo8z1pFd0LUXoSg0M0pWCCQ,
yoshimitsu-okada,Yoshimitsu Okada,Okada; Yoshimitsu,岡田嘉満,saxophone,https://ameblo.jp/okayoshi7,,,,https://woodsidemusic.amebaownd.com/,
yoshio-machida,Yoshio Machida,Machida; Yoshio,町田良夫,steel pan,https://www.yoshiomachida.com,,,,,
yoshio-suzuki,Yoshio Suzuki,Suzuki; Yoshio,鈴木良雄,bass,https://chin-suzuki.com/,,Yoshio “Chin” Suzuki,,,
yoshiro-kanda,Yoshiro Kanda,Kanda; Yoshiro,神田芳郎,bass,https://www.eonet.ne.jp/~kanda446/,,,,,
yoshiro-okazaki,Yoshiro Okazaki,Okazaki; Yoshiro,岡崎好朗,trumpet,http://www.yoshirojazz.sakura.ne.jp/,,,,,
yoshitaka-shoji,Yoshitaka Shoji,Shoji; Yoshitaka,東海林由孝,guitar,https://shoji-yoshitaka.blogspot.com/,,,,,
yoshitaka-uematsu,Yoshitaka Uematsu,Uematsu; Yoshitaka,植松良高,drums,https://jazzshiryokan.net/jazzDB/musician_detail.php?recordID=M2443,,,,,
yoshitaka-yamashita,Yoshitaka Yamashita,Yamashita; Yoshitaka,山下佳孝,drums,,,,,,
yoshiyuki-nakaya,Yoshiyuki Nakaya,Nakaya; Yoshiyuki,中屋啓之,drums,,,,,,
yosuke-honma,Yosuke Honma,Honma; Yosuke,本間洋佑,bass,,,,,,
yosuke-inoue,Yosuke Inoue,Inoue; Yosuke,井上陽介,bass,http://yosukeinouejazz.sakura.ne.jp/,,,,,
yosuke-onuma,Yosuke Onuma,Onuma; Yosuke,小沼ようすけ,guitar,http://www.yosukeonuma.com/,,,,,
yosuke-sato,Yosuke Sato,Sato; Yosuke,佐藤洋祐,sax,https://yosukesato.sub.jp/,,,,,
yosuke-tamura,Yosuke Tamura,Tamura; Yosuke,田村陽介,drums,https://yosuketamura.com/,,,,,
yosuke-terao,Yosuke Terao,Terao; Yosuke,寺尾陽介,bass,https://teraomusic.wixsite.com/bass,,,,https://ameblo.jp/teraomusic/,
yota-tsukada,Yota Tsukada,Tsukada; Yota,塚田陽太,drums,https://www.yotatsukada.com/,,,,,
yu-hatakeyama,Yu Hatakeyama,Hatakeyama; Yu,はたけやま裕,percussion,http://www.you-hatakeyama.com/,,,,,
yu-kudo,Yu Kudo,Kudo; Yu,工藤悠,drums,http://yu-drum.com/,,,,,
yu-kuga,Yu Kuga,Kuga; Yu,陸悠,baritone saxophone,https://yukugamusic.wixsite.com/yukuga,,,,,
yu-manabe,Yu Manabe,Manabe; Yu,真部裕,violin,https://www.yumanabe.com/,,,,,
yudo-matsuo,Yudo Matsuo,Matsuo; Yudo,松尾由堂,guitar,https://yudomatsuo.tumblr.com/,,,,https://ameblo.jp/youdo-guitar/,
yuhei-honkawa,Yuhei Honkawa,Honkawa; Yuhei,本川悠平,bass,http://yuhei-ponkawajazz.cocolog-nifty.com/,,,,,
yui-murase,Yui Murase,Murase; Yui,村瀬由衣,vocal,,,,,,
yuichi-hayashi,Yuichi Hayashi,Hayashi; Yuichi,林祐市,piano,http://yuichihayashi.com/,,,,,
yuichi-inoue,Yuichi Inoue,Inoue; Yuichi,井上祐一,piano,http://www.wn-records.com/?p=4679,,,,,
yuichi-kudoh,Yuichi Kudou,Kudou; Yuichi,,piano,,,,,,
yuichi-narita,Yuichi Narita,Narita; Yuichi,成田祐一,piano,http://www.yuichinarita.com/,1,,,,
yuichiro-aratake,Yuichiro Aratake,Aratake; Yuichiro,荒武裕一朗,piano,http://www.aratakeyuichiro.com/,,,,https://note.com/arapf331/,https://aratake331.exblog.jp/
yuichiro-hiraoka,Yuichiro Hiraoka,Hiraoka; Yuichiro,平岡遊一郎,guitar,https://jazzshiryokan.net/jazzDB/musician_detail.php?serialNumber=4205,,,,http://tuhiraoka.fc2web.com/,
yuichiro-tokuda,Yuichiro Tokuda,Tokuda; Yuichiro,徳田雄一郎,sax,http://www.yuichirotokuda.com/,,,,,
yuji-ito,Yuji Ito,Ito; Yuji,伊藤勇司,bass,https://bassist-jazz-0313.wixsite.com/yujito,,,,http://bassist0313.blog.fc2.com/,
yuji-kawamoto,Yuji Kawamoto,Kawamoto; Yuji,川本悠自,bass,http://yujikawamoto.com/,,,,,
yuji-yajima,Yuji Yajima,Yajima; Yuji,箭島裕治,electric bass,http://yujiyajima.com/,,,,,
yujiro-shimine,Yujiro Shimine,Shimine; Yujiro,吉峯勇二郎,bass,https://yujiroyoshimine.com/,,,,,
yuka-deguchi,Yuka Deguchi,Deguchi; Yuka,出口優日,vocal,http://yukadeguchi.blogspot.com/,,,,,
yuka-konishi,Yuka Konishi,Konishi; Yuka,小西佑果,bass,https://yukakonishi.com/,,,,,
yuka-ueda,Yuka Ueda,Ueda; Yuka,上田裕香,vocal,http://yuuka-agora.com/wp/,1,Yu~ka Ueda,,,
yuka-yamazoe,Yuka Yamazoe,Yamazoe; Yuka,山添ゆか,vocal,https://yamazoe-yuka.com/,,,,,
yuka-yanagihara,Yuka Yanagihara,Yanagihara; Yuka,柳原由佳,piano,https://yukayanagihara.com/,,,,,
yukako-yamano,Yukako Yamano,Yamano; Yukako,山野友佳子,piano,https://yukakoyamano.com/,1,,,https://blog.goo.ne.jp/angela-major7,
yukari-inoue,Yukari Inoue,Inoue; Yukari,井上ゆかり,piano,https://www.inoueyukari.com/,,,,,
yukari-sekiya,Yukari Sekiya,Sekiya; Yukari,関谷友加里,piano,https://www.yukarisekiya.com/,,,,,
yuki-hirate,Yuki Hirate,Hirate; Yuki,平手裕紀,piano+trumpet,https://hirateyuki.com/,,,,,
yuki-ito,Yuki Ito,Ito; Yuki,伊東佑季,bass,https://yukibass.com/,,,,,
yuki-nakano,Yuki Nakano,Nakano; Yuki,中野優樹,bass,https://ameblo.jp/yuki-jazzjazzjazz/,2,,,,
yuki-shibata,Yuki Shibata,Shibata; Yuki,柴田悠希,piano,http://blog.livedoor.jp/yuki_shibata/,,,,,
yukiko-hayakawa,Yukiko Hayakawa,Hayakawa; Yukiko,早川由紀子,piano,https://hayakawa-yukiko.com/,,,,https://plaza.rakuten.co.jp/jazzyukip/,
yukiko-kawase,Yukiko Kawase,Kawase; Yukiko,川瀬由紀子,piano,http://www.kawaseyukiko.com/,,,,,
yukiko-mayra-miyazaki,Yukiko Mayra Miyazaki,Miyazaki; Yukiko Mayra,宮崎Mayra友紀子,vocal,https://www.mayra-voice.com/,,,,https://ameblo.jp/jazzsinger-yuki/,
yuko-endo,Yuko Endo,Endo; Yuko,遠藤優子,vocal,https://yukoendo-smilemark.amebaownd.com/,,,,,
yuko-kajitani,Yuko Kajitani,Kajitani; Yuko,梶谷裕子,violin,https://vgmdb.net/artist/7854,,,,,
yuko-miyawaki,Yuko Miyawaki,Miyawaki; Yuko,宮脇裕子,trumpet,https://yukomiyawaki.com,,,,https://ameblo.jp/yukomiyawaki/,
yuko-sakuma,Yuko Sakuma,Sakuma; Yuko,佐久間優子,piano,http://kokochi2.blog.fc2.com/,,,,,
yuko-tanaka,Yuko Tanaka,Tanaka; Yuko,田中ゆうこ,voice,https://www.instagram.com/kouta_yunaka/,,現・由中小唄 Kouta Yunaka,,,
yumi-okino,Yumi Okino,Okino; Yumi,沖野ゆみ,vocal,https://www.yumi-okino.com/,,,,,
yumiko-murakami,Yumiko Murakami,Murakami; Yumiko,村上ユミ子,piano,https://jazzshiryokan.net/jazzDB/musician_detail.php?serialNumber=3052,,,,,
yuri-dazai,Yuri Dazai,Dazai; Yuri,太宰百合,piano,https://yuridazai.com/,,,,,
yuri-hirota,Yuri Hirota,Hirota; Yuri,廣田ゆり,piano,http://miss.blog20.fc2.com/,,,,https://www.youtube.com/user/MaltOriental,
yurie-nejime,Yurie Nejime,Nejime; Yurie,寝占友梨絵,vocal,http://www.jazzandpeace.jp/,,,,,
yurika-ichihara,Yurika Ichihara,Ichihara; Yurika,市原由里香,piano,https://www.yuricapiano.com/,,,,https://ameblo.jp/yurika1425jp/,
yusei-takahashi,Yusei Takahashi,Takahashi; Yusei,高橋佑成,piano,https://linktr.ee/yusei.takahashi.piano,,,,,
yusuke-chigita,Yusuke Chigita,Chigita; Yusuke,千北祐輔,bass,https://yusukechigita.bandcamp.com/album/family-diary,,,,,
yusuke-hirado,Yusuke Hirado,Hirado; Yusuke,平戸祐介,piano,http://yusukehirado.net/,,,,,
yusuke-lawson-yamada,Yusuke Lawson Yamada,Yamada; Yusuke Lawson,山田ローソン祐輔,drums,https://ameblo.jp/lawson-yusukedrums/,,,,https://www.instagram.com/yusuke.lawson/,
yusuke-morita,Yusuke Morita,Morita; Yusuke,森田悠介,electric bass,https://yusukemorita.net/,,,,,
yusuke-nakaishi,Yusuke Nakaishi,Nakaishi; Yusuke,仲石裕介,bass,https://nowonmusic.com/members/258,,,,http://usk1987210.blog.fc2.com/,
yusuke-yaginuma,Yusuke Yaginuma,Yaginuma; Yusuke,柳沼佑育,drums,https://ameblo.jp/yusukebebop/,,,,,
yuta-fukuhara,Yuta Fukuhara,Fukuhara; Yuta,福原雄太,drums,https://yutafukuhara.wixsite.com/website,,,,,
yuta-ikedo,Yuta Ikedo,Ikedo; Yuta,池戸祐太,guitar,https://youtube.com/@yutaikedo,,,,,
yuta-kaneko,Yuta Kaneko,Kaneko; Yuta,金子雄太,Hammond B3 organ,https://aquapit.amebaownd.com/,,,,,
yuta-omino,Yuta Omino,Omino; Yuta,小美濃悠太,bass,https://yutaomino.com/,,,,,
yutaka-handa,Yutaka Handa,Handa; Yutaka,伴田裕,saxophone,http://yutakahanda.com/,,,,,
yutaka-kaido,Yutaka Kaido,Kaido; Yutaka,カイドーユタカ,bass,https://kaidoyutaka.blogspot.com/,,,,,
yutaka-yoshida,Yutaka Yoshida,Yoshida; Yutaka,吉田豊,bass,https://yutakayoshidasho.wordpress.com/,,,,,
yuto-hirase,Yuto Hirase,Hirase; Yuto,平瀬祐人,drums,https://ameblo.jp/pel-chan/,,,,,
yuto-komatsu,Yuto Komatsu,Komatsu; Yuto,小松悠人,trumpet,http://blog.livedoor.jp/aaakomatta/,,,,https://www.instagram.com/yutokomatsufish/,
yuto-maseki,Yuto Maseki,Maseki; Yuto,柵木雄斗,drums,https://ameblo.jp/masekiyuto/,,,,,
yuuna,Yuuna,Yuuna,優奈,vocal,https://yuuna-jp.amebaownd.com/,,,,,
yuya-wakai,Yuya Wakai,Wakai; Yuya,若井優也,piano,https://matheyoung.wordpress.com/,,,,,
yuzo-kataoka,Yuzo Kataoka,Kataoka; Yuzo,片岡雄三,trombone,,,,,,
yuzumi-tanimukai,Yuzumi Tanimukai,Tanimukai; Yuzumi,谷向柚美,voice,https://yuzumi76.wixsite.com/yuzumi2013,,,,,
yuzuru-sera,Yuzuru Sera,Sera; Yuzuru,世良譲,piano,https://ja.wikipedia.org/wiki/%E4%B8%96%E8%89%AF%E8%AD%B2,,,,,
zeze-wakamatsu,Zeze Wakamatsu,Wakamatsu; Zeze,,soundscape artist,https://zezewakamatsu.com/,,,,,
